UtbkRequest,skmmandiri,iuptes
SettingController,setting,iuptes
DataWaliRequest,pendaftaran,iuptes
ProgramStudiRequest,skmmandiri,iuptes
ProgramStudiService,skmmandiri,iuptes
ProgramStudiService,sarjanaprestasi,iuptes
ProgramStudiService,skmkemitraan,iuptes
ProgramStudiService,vrmreguler,iuptes
ProgramStudiService,iuptes,iuptes
ProgramStudiService,vokasi,iuptes
ProgramStudiService,iup,iuptes
ProgramStudiService,vrmmandiri,iuptes
ProgramStudiRequest,sarjanaprestasi,iuptes
ProgramStudiRequest,skmkemitraan,iuptes
ProgramStudiRequest,vrmreguler,iuptes
ProgramStudiRequest,iuptes,iuptes
ProgramStudiRequest,vokasi,iuptes
ProgramStudiRequest,iup,iuptes
ProgramStudiRequest,vrmmandiri,iuptes
DataPribadiRequest,pendaftaran,iuptes
DataPribadiPendaftar,pendaftaran,iuptes
DataPribadiPendaftar,skmmandiri,iuptes
DataPribadiPendaftar,sarjanaprestasi,iuptes
DataPribadiPendaftar,skmkemitraan,iuptes
DataPribadiPendaftar,vrmreguler,iuptes
DataPribadiPendaftar,iuptes,iuptes
DataPribadiPendaftar,vokasi,iuptes
DataPribadiPendaftar,vrmmandiri,iuptes
DataPribadiPendaftar,iup,iuptes
DataPribadiRequest,sarjanaprestasi,iuptes
DataPribadiRequest,skmkemitraan,iuptes
DataPribadiRequest,vrmreguler,iuptes
DataPribadiRequest,iuptes,iuptes
DataPribadiRequest,vokasi,iuptes
DataPribadiRequest,iup,iuptes
DataPribadiRequest,vrmmandiri,iuptes
DataPribadiRequest,skmmandiri,iuptes
DataIbuPendaftar,pendaftaran,iuptes
AlamatDomisili,pendaftaran,iuptes
AlamatWali,pendaftaran,iuptes
AlamatWali,sarjanaprestasi,iuptes
AlamatWali,skmkemitraan,iuptes
AlamatWali,vrmreguler,iuptes
AlamatWali,iuptes,iuptes
AlamatWali,vokasi,iuptes
AlamatWali,iup,iuptes
AlamatWali,vrmmandiri,iuptes
AlamatWali,skmmandiri,iuptes
AlamatKtp,pendaftaran,iuptes
AlamatKtp,sarjanaprestasi,iuptes
AlamatKtp,skmkemitraan,iuptes
AlamatKtp,vrmreguler,iuptes
AlamatKtp,iuptes,iuptes
AlamatKtp,vokasi,iuptes
AlamatKtp,iup,iuptes
AlamatKtp,vrmmandiri,iuptes
AlamatKtp,skmmandiri,iuptes
AlamatDomisili,sarjanaprestasi,iuptes
AlamatDomisili,skmkemitraan,iuptes
AlamatDomisili,vrmreguler,iuptes
AlamatDomisili,iuptes,iuptes
AlamatDomisili,vokasi,iuptes
AlamatDomisili,iup,iuptes
AlamatDomisili,vrmmandiri,iuptes
AlamatDomisili,skmmandiri,iuptes
DataOrtuPendaftar,skmmandiri,iuptes
DataAyah,pendaftaran,iuptes
DataAyah,iup,iuptes
DataOrtuPendaftar,sarjanaprestasi,iuptes
DataOrtuPendaftar,skmkemitraan,iuptes
DataOrtuPendaftar,vrmreguler,iuptes
DataOrtuPendaftar,iuptes,iuptes
DataOrtuPendaftar,vokasi,iuptes
DataOrtuPendaftar,vrmmandiri,iuptes
DataIbuPendaftar,iup,iuptes
PrestasiRequest,skmmandiri,iuptes
TambahPrestasi,skmmandiri,iuptes
TambahPrestasi,sarjanaprestasi,iuptes
TambahPrestasi,skmkemitraan,iuptes
TambahPrestasi,vrmreguler,iuptes
TambahPrestasi,iuptes,iuptes
TambahPrestasi,vokasi,iuptes
TambahPrestasi,iup,iuptes
TambahPrestasi,vrmmandiri,iuptes
PrestasiResponse,skmmandiri,iuptes
Prestasi,skmmandiri,iuptes
SqlCapaianPrestasiRepository,iup,iuptes
SqlJenisPrestasiRepository,skmmandiri,iuptes
SqlJenisPrestasiRepository,sarjanaprestasi,iuptes
SqlJenisPrestasiRepository,skmkemitraan,iuptes
SqlJenisPrestasiRepository,vrmreguler,iuptes
SqlJenisPrestasiRepository,iuptes,iuptes
SqlJenisPrestasiRepository,vokasi,iuptes
SqlJenisPrestasiRepository,iup,iuptes
SqlJenisPrestasiRepository,vrmmandiri,iuptes
SqlTingkatKompetisiRepository,skmmandiri,iuptes
SqlTingkatKompetisiRepository,sarjanaprestasi,iuptes
SqlTingkatKompetisiRepository,skmkemitraan,iuptes
SqlTingkatKompetisiRepository,vrmreguler,iuptes
SqlTingkatKompetisiRepository,iuptes,iuptes
SqlTingkatKompetisiRepository,vokasi,iuptes
SqlTingkatKompetisiRepository,iup,iuptes
SqlTingkatKompetisiRepository,vrmmandiri,iuptes
SqlPrestasiRepository,iup,iuptes
SqlPrestasiRepository,skmmandiri,iuptes
SqlPrestasiRepository,vokasi,iuptes
SqlPrestasiRepository,skmkemitraan,iuptes
SqlPrestasiRepository,vrmreguler,iuptes
SqlPrestasiRepository,iuptes,iuptes
SqlPrestasiRepository,vrmmandiri,iuptes
SqlPrestasiRepository,sarjanaprestasi,iuptes
SqlCapaianPrestasiRepository,skmmandiri,iuptes
SqlCapaianPrestasiRepository,backoffice,iuptes
SqlCapaianPrestasiRepository,sarjanaprestasi,iuptes
SqlCapaianPrestasiRepository,skmkemitraan,iuptes
SqlCapaianPrestasiRepository,vrmreguler,iuptes
SqlCapaianPrestasiRepository,iuptes,iuptes
SqlCapaianPrestasiRepository,vrmmandiri,iuptes
SqlCapaianPrestasiRepository,vokasi,iuptes
Prestasi,sarjanaprestasi,iuptes
Prestasi,skmkemitraan,iuptes
Prestasi,vrmreguler,iuptes
Prestasi,iuptes,iuptes
Prestasi,vokasi,iuptes
Prestasi,iup,iuptes
Prestasi,vrmmandiri,iuptes
AlamatResponse,pendaftaran,iuptes
SimpanRoleResponse,beranda,iuptes
PrestasiResponse,skmmandiri,iuptes
PrestasiRequest,skmmandiri,iuptes
PrestasiService,vokasi,iuptes
PrestasiService,iup,iuptes
PrestasiService,skmmandiri,iuptes
PrestasiService,skmmandiri,iuptes
PrestasiController,iup,iuptes
PrestasiController,sarjanaprestasi,iuptes
PrestasiController,iuptes,iuptes
PrestasiController,skmmandiri,iuptes
PrestasiController,vrmmandiri,iuptes
PrestasiController,vrmreguler,iuptes
PrestasiController,skmkemitraan,iuptes
PrestasiController,vokasi,iuptes
Select2CapaianRequest,skmmandiri,iuptes
Select2TingkatRequest,skmmandiri,iuptes
Select2TingkatRequest,sarjanaprestasi,iuptes
Select2TingkatRequest,skmkemitraan,iuptes
Select2TingkatRequest,vrmreguler,iuptes
Select2TingkatRequest,iuptes,iuptes
Select2TingkatRequest,vokasi,iuptes
Select2TingkatRequest,iup,iuptes
Select2TingkatRequest,vrmmandiri,iuptes
Select2CapaianRequest,sarjanaprestasi,iuptes
Select2CapaianRequest,skmkemitraan,iuptes
Select2CapaianRequest,vrmreguler,iuptes
Select2CapaianRequest,iuptes,iuptes
Select2CapaianRequest,vokasi,iuptes
Select2CapaianRequest,iup,iuptes
Select2CapaianRequest,vrmmandiri,iuptes
PendidikanService,skmmandiri,iuptes
PendidikanService,iup,iuptes
PendidikanService,vokasi,iuptes
PendidikanService,sarjanaprestasi,iuptes
PendidikanService,skmkemitraan,iuptes
PendidikanService,vrmreguler,iuptes
PendidikanService,iuptes,iuptes
PendidikanService,vrmmandiri,iuptes
KontakService,skmmandiri,iuptes
SimpanRoleService,beranda,iuptes
SimpanRoleRequest,beranda,iuptes
MitraService,skmkemitraan,iuptes
MitraRequest,skmkemitraan,iuptes
Mitra,skmkemitraan,iuptes
SqlMitraRepository,skmkemitraan,iuptes
SpiService,skmmandiri,iuptes
SpiRequest,skmmandiri,iuptes
SpiRequest,skmkemitraan,iuptes
SpiRequest,iuptes,iuptes
SpiRequest,iup,iuptes
SpiRequest,vrmmandiri,iuptes
SpiService,skmkemitraan,iuptes
SpiService,iuptes,iuptes
SpiService,iup,iuptes
SpiService,vrmmandiri,iuptes
KipKuliahService,vokasi,iuptes
KipKuliahRequest,vokasi,iuptes
KipKuliahPendaftar,vokasi,iuptes
KipKuliahPendaftar,sarjanaprestasi,iuptes
KipKuliahPendaftar,vrmreguler,iuptes
KipKuliahRequest,sarjanaprestasi,iuptes
KipKuliahRequest,vrmreguler,iuptes
KipKuliahService,sarjanaprestasi,iuptes
KipKuliahService,vrmreguler,iuptes
KontakService,pendaftaran,iuptes
FotoProfilService,pendaftaran,iuptes
FotoProfilService,skmmandiri,iuptes
FotoProfilRequest,pendaftaran,iuptes
FotoProfilRequest,sarjanaprestasi,iuptes
FotoProfilRequest,skmkemitraan,iuptes
FotoProfilRequest,vrmreguler,iuptes
FotoProfilRequest,iuptes,iuptes
FotoProfilRequest,vokasi,iuptes
FotoProfilRequest,iup,iuptes
FotoProfilRequest,vrmmandiri,iuptes
FotoProfilRequest,skmmandiri,iuptes
DokumenService,skmmandiri,iuptes
DokumenService,pendaftaran,iuptes
ValidasiPortofolioService,backoffice,iuptes
ValidasiPortofolioRequest,backoffice,iuptes
ValidasiPrestasiRequest,backoffice,iuptes
ValidasiPrestasiService,backoffice,iuptes
IgcseService,iup,iuptes
IgcseService,iup,iuptes
EptService,iup,iuptes
EptService,iup,iuptes
SatService,iup,iuptes
SatService,iup,iuptes
SatService,iuptes,iuptes
SatService,iuptes,iuptes
IgcseService,iuptes,iuptes
IgcseService,iuptes,iuptes
DokumenService,sarjanaprestasi,iuptes
DokumenService,skmkemitraan,iuptes
DokumenService,vrmreguler,iuptes
DokumenService,iuptes,iuptes
DokumenService,vokasi,iuptes
DokumenService,iup,iuptes
DokumenService,vrmmandiri,iuptes
FotoProfilService,sarjanaprestasi,iuptes
FotoProfilService,skmkemitraan,iuptes
FotoProfilService,vrmreguler,iuptes
FotoProfilService,iuptes,iuptes
FotoProfilService,vokasi,iuptes
FotoProfilService,iup,iuptes
FotoProfilService,vrmmandiri,iuptes
DataWaliService,pendaftaran,iuptes
DataWaliService,iup,iuptes
DataWaliService,skmmandiri,iuptes
DataWaliService,sarjanaprestasi,iuptes
DataWaliService,skmkemitraan,iuptes
DataWaliService,vrmreguler,iuptes
DataWaliService,iuptes,iuptes
DataWaliService,vokasi,iuptes
DataWaliService,vrmmandiri,iuptes
AlamatService,pendaftaran,iuptes
AlamatService,skmmandiri,iuptes
AlamatService,sarjanaprestasi,iuptes
AlamatService,skmkemitraan,iuptes
AlamatService,vrmreguler,iuptes
AlamatService,iuptes,iuptes
AlamatService,vokasi,iuptes
AlamatService,iup,iuptes
AlamatService,vrmmandiri,iuptes
DataPribadiService,pendaftaran,iuptes
DataPribadiService,skmmandiri,iuptes
DataPribadiService,sarjanaprestasi,iuptes
DataPribadiService,skmkemitraan,iuptes
DataPribadiService,vrmreguler,iuptes
DataPribadiService,iuptes,iuptes
DataPribadiService,vokasi,iuptes
DataPribadiService,iup,iuptes
DataPribadiService,vrmmandiri,iuptes
KontakService,sarjanaprestasi,iuptes
KontakService,skmkemitraan,iuptes
KontakService,vrmreguler,iuptes
KontakService,iuptes,iuptes
KontakService,vokasi,iuptes
KontakService,iup,iuptes
KontakService,vrmmandiri,iuptes
PrestasiService,sarjanaprestasi,iuptes
PrestasiService,skmkemitraan,iuptes
PrestasiService,vrmreguler,iuptes
PrestasiService,iuptes,iuptes
PrestasiService,vokasi,iuptes
PrestasiService,iup,iuptes
PrestasiService,vrmmandiri,iuptes
PrestasiService,sarjanaprestasi,iuptes
PrestasiService,skmkemitraan,iuptes
PrestasiService,vrmreguler,iuptes
PrestasiService,iuptes,iuptes
PrestasiService,vrmmandiri,iuptes
PrestasiRequest,sarjanaprestasi,iuptes
PrestasiRequest,skmkemitraan,iuptes
PrestasiRequest,vrmreguler,iuptes
PrestasiRequest,iuptes,iuptes
PrestasiRequest,vokasi,iuptes
PrestasiRequest,iup,iuptes
PrestasiRequest,vrmmandiri,iuptes
PrestasiResponse,sarjanaprestasi,iuptes
PrestasiResponse,skmkemitraan,iuptes
PrestasiResponse,vrmreguler,iuptes
PrestasiResponse,iuptes,iuptes
PrestasiResponse,vokasi,iuptes
PrestasiResponse,iup,iuptes
PrestasiResponse,vrmmandiri,iuptes
MitraResponse,skmkemitraan,iuptes
EptResponse,iup,iuptes
EptResponse,iup,iuptes
KipKuliahResponse,vokasi,iuptes
KipKuliahResponse,sarjanaprestasi,iuptes
KipKuliahResponse,vrmreguler,iuptes
SatResponse,iup,iuptes
SatResponse,iuptes,iuptes
SatResponse,iuptes,iuptes
SatResponse,iup,iuptes
IgcseResponse,iup,iuptes
IgcseResponse,iuptes,iuptes
IgcseResponse,iuptes,iuptes
IgcseResponse,iup,iuptes
UtbkResponse,skmmandiri,iuptes
UtbkResponse,skmkemitraan,iuptes
UtbkResponse,vrmreguler,iuptes
UtbkResponse,iuptes,iuptes
UtbkResponse,vrmmandiri,iuptes
SpiResponse,skmmandiri,iuptes
SpiResponse,skmkemitraan,iuptes
SpiResponse,iuptes,iuptes
SpiResponse,iup,iuptes
SpiResponse,vrmmandiri,iuptes
PendidikanResponse,skmmandiri,iuptes
PendidikanResponse,sarjanaprestasi,iuptes
PendidikanResponse,skmkemitraan,iuptes
PendidikanResponse,vrmreguler,iuptes
PendidikanResponse,iuptes,iuptes
PendidikanResponse,vokasi,iuptes
PendidikanResponse,iup,iuptes
PendidikanResponse,vrmmandiri,iuptes
ProgramStudiResponse,skmmandiri,iuptes
ProgramStudiResponse,sarjanaprestasi,iuptes
ProgramStudiResponse,skmkemitraan,iuptes
ProgramStudiResponse,vrmreguler,iuptes
ProgramStudiResponse,iuptes,iuptes
ProgramStudiResponse,vokasi,iuptes
ProgramStudiResponse,iup,iuptes
ProgramStudiResponse,vrmmandiri,iuptes
DataPribadiResponse,pendaftaran,iuptes
DataPribadiResponse,sarjanaprestasi,iuptes
DataPribadiResponse,skmkemitraan,iuptes
DataPribadiResponse,vrmreguler,iuptes
DataPribadiResponse,iuptes,iuptes
DataPribadiResponse,vokasi,iuptes
DataPribadiResponse,iup,iuptes
DataPribadiResponse,vrmmandiri,iuptes
DataPribadiResponse,skmmandiri,iuptes
FotoProfilResponse,pendaftaran,iuptes
FotoProfilResponse,sarjanaprestasi,iuptes
FotoProfilResponse,skmkemitraan,iuptes
FotoProfilResponse,vrmreguler,iuptes
FotoProfilResponse,iuptes,iuptes
FotoProfilResponse,vokasi,iuptes
FotoProfilResponse,iup,iuptes
FotoProfilResponse,vrmmandiri,iuptes
FotoProfilResponse,skmmandiri,iuptes
DataWaliResponse,pendaftaran,iuptes
DataWaliResponse,sarjanaprestasi,iuptes
DataWaliResponse,skmkemitraan,iuptes
DataWaliResponse,vrmreguler,iuptes
DataWaliResponse,iuptes,iuptes
DataWaliResponse,vokasi,iuptes
DataWaliResponse,iup,iuptes
DataWaliResponse,vrmmandiri,iuptes
DataWaliResponse,skmmandiri,iuptes
DokumenResponse,pendaftaran,iuptes
DokumenResponse,sarjanaprestasi,iuptes
DokumenResponse,skmkemitraan,iuptes
DokumenResponse,vrmreguler,iuptes
DokumenResponse,iuptes,iuptes
DokumenResponse,vokasi,iuptes
DokumenResponse,iup,iuptes
DokumenResponse,vrmmandiri,iuptes
DokumenResponse,skmmandiri,iuptes
KontakResponse,pendaftaran,iuptes
KontakResponse,sarjanaprestasi,iuptes
KontakResponse,skmkemitraan,iuptes
KontakResponse,vrmreguler,iuptes
KontakResponse,iuptes,iuptes
KontakResponse,vokasi,iuptes
KontakResponse,iup,iuptes
KontakResponse,vrmmandiri,iuptes
KontakResponse,skmmandiri,iuptes
AlamatResponse,sarjanaprestasi,iuptes
AlamatResponse,skmkemitraan,iuptes
AlamatResponse,vrmreguler,iuptes
AlamatResponse,iuptes,iuptes
AlamatResponse,vokasi,iuptes
AlamatResponse,iup,iuptes
AlamatResponse,vrmmandiri,iuptes
AlamatResponse,skmmandiri,iuptes
PrestasiResponse,sarjanaprestasi,iuptes
PrestasiResponse,skmkemitraan,iuptes
PrestasiResponse,vrmreguler,iuptes
PrestasiResponse,iuptes,iuptes
PrestasiResponse,vokasi,iuptes
PrestasiResponse,iup,iuptes
PrestasiResponse,vrmmandiri,iuptes
DokumenRequest,pendaftaran,iuptes
DokumenPendaftar,pendaftaran,iuptes
DokumenPendaftar,skmmandiri,iuptes
DokumenPendaftar,sarjanaprestasi,iuptes
DokumenPendaftar,skmkemitraan,iuptes
DokumenPendaftar,vrmreguler,iuptes
DokumenPendaftar,iuptes,iuptes
DokumenPendaftar,vokasi,iuptes
DokumenPendaftar,vrmmandiri,iuptes
DokumenPendaftar,iup,iuptes
PendidikanRequest,iup,iuptes
PendidikanRequest,skmmandiri,iuptes
PendidikanRequest,sarjanaprestasi,iuptes
PendidikanRequest,skmkemitraan,iuptes
PendidikanRequest,vrmreguler,iuptes
PendidikanRequest,iuptes,iuptes
PendidikanRequest,vrmmandiri,iuptes
PendidikanRequest,vokasi,iuptes
Dokumen,pendaftaran,iuptes
BerkasController,berkas,iuptes
StoreBerkasRequest,berkas,iuptes
UpdateBerkasRequest,berkas,iuptes
Dokumen,sarjanaprestasi,iuptes
Dokumen,skmkemitraan,iuptes
Dokumen,vrmreguler,iuptes
Dokumen,iuptes,iuptes
Dokumen,vokasi,iuptes
Dokumen,iup,iuptes
Dokumen,vrmmandiri,iuptes
Dokumen,skmmandiri,iuptes
EptRequest,iup,iuptes
EptRequest,iup,iuptes
EptController,iup,iuptes
SatController,iup,iuptes
ReviewController,iup,iuptes
Select2CapaianResponse,skmmandiri,iuptes
Select2TingkatResponse,skmmandiri,iuptes
Select2TingkatResponse,sarjanaprestasi,iuptes
Select2TingkatResponse,skmkemitraan,iuptes
Select2TingkatResponse,vrmreguler,iuptes
Select2TingkatResponse,iuptes,iuptes
Select2TingkatResponse,vokasi,iuptes
Select2TingkatResponse,iup,iuptes
Select2TingkatResponse,vrmmandiri,iuptes
Select2CapaianResponse,sarjanaprestasi,iuptes
Select2CapaianResponse,skmkemitraan,iuptes
Select2CapaianResponse,vrmreguler,iuptes
Select2CapaianResponse,iuptes,iuptes
Select2CapaianResponse,vokasi,iuptes
Select2CapaianResponse,iup,iuptes
Select2CapaianResponse,vrmmandiri,iuptes
BaseController,pendaftaran,iuptes
Pendaftaran,skmmandiri,iuptes
Pendaftaran,sarjanaprestasi,iuptes
Pendaftaran,skmkemitraan,iuptes
Pendaftaran,vrmreguler,iuptes
Pendaftaran,iuptes,iuptes
Pendaftaran,vokasi,iuptes
Pendaftaran,iup,iuptes
Pendaftaran,vrmmandiri,iuptes
BaseController,skmmandiri,iuptes
BaseController,pembayaran,iuptes
BaseController,sarjanaprestasi,iuptes
BaseController,vrmmandiri,iuptes
BaseController,skmkemitraan,iuptes
BaseController,vrmreguler,iuptes
BaseController,iuptes,iuptes
BaseController,vokasi,iuptes
BaseController,iup,iuptes
ValidasiPortofolioController,backoffice,iuptes
SqlNilaiPortofolioRepository,backoffice,iuptes
ValidasiPrestasiController,backoffice,iuptes
KartuPesertaController,iup,iuptes
KartuPesertaController,skmkemitraan,iuptes
SqlPembayaranRepository,iup,iuptes
SqlPersetujuanDiterimaRepository,vrmreguler,iuptes
SqlUtbkRepository,skmmandiri,iuptes
Utbk,skmmandiri,iuptes
Utbk,skmkemitraan,iuptes
Utbk,vrmreguler,iuptes
Utbk,iuptes,iuptes
Utbk,vrmmandiri,iuptes
SqlUtbkRepository,skmkemitraan,iuptes
SqlUtbkRepository,vrmreguler,iuptes
SqlUtbkRepository,iuptes,iuptes
SqlUtbkRepository,vrmmandiri,iuptes
SqlPekerjaanRepository,pendaftaran,iuptes
SqlPekerjaanRepository,skmmandiri,iuptes
SqlPekerjaanRepository,sarjanaprestasi,iuptes
SqlPekerjaanRepository,skmkemitraan,iuptes
SqlPekerjaanRepository,vrmreguler,iuptes
SqlPekerjaanRepository,iuptes,iuptes
SqlPekerjaanRepository,vokasi,iuptes
SqlPekerjaanRepository,vrmmandiri,iuptes
SqlPenghasilanRepository,pendaftaran,iuptes
SqlPenghasilanRepository,skmmandiri,iuptes
SqlWaliRepository,backoffice,iuptes
SqlWaliRepository,pendaftaran,iuptes
SqlWaliRepository,skmmandiri,iuptes
SqlWaliRepository,sarjanaprestasi,iuptes
SqlWaliRepository,skmkemitraan,iuptes
SqlWaliRepository,vrmreguler,iuptes
SqlWaliRepository,iuptes,iuptes
SqlWaliRepository,vokasi,iuptes
SqlWaliRepository,vrmmandiri,iuptes
SqlWaliRepository,iup,iuptes
SqlPenghasilanRepository,sarjanaprestasi,iuptes
SqlPenghasilanRepository,skmkemitraan,iuptes
SqlPenghasilanRepository,vrmreguler,iuptes
SqlPenghasilanRepository,iuptes,iuptes
SqlPenghasilanRepository,vokasi,iuptes
SqlPenghasilanRepository,vrmmandiri,iuptes
SqlPenghasilanRepository,iup,iuptes
SqlPekerjaanRepository,iup,iuptes
SqlPilihanRepository,skmmandiri,iuptes
SqlPilihanRepository,vrmmandiri,iuptes
SqlPilihanRepository,sarjanaprestasi,iuptes
SqlPilihanRepository,vokasi,iuptes
Pilihan,skmmandiri,iuptes
Pilihan,sarjanaprestasi,iuptes
Pilihan,skmkemitraan,iuptes
Pilihan,vrmreguler,iuptes
Pilihan,iuptes,iuptes
Pilihan,vokasi,iuptes
Pilihan,iup,iuptes
Pilihan,vrmmandiri,iuptes
Spi,skmmandiri,iuptes
Spi,skmkemitraan,iuptes
Spi,iuptes,iuptes
Spi,iup,iuptes
Spi,vrmmandiri,iuptes
ProgramStudi,skmmandiri,iuptes
ProgramStudi,sarjanaprestasi,iuptes
ProgramStudi,skmkemitraan,iuptes
ProgramStudi,vrmreguler,iuptes
ProgramStudi,iuptes,iuptes
ProgramStudi,vokasi,iuptes
ProgramStudi,iup,iuptes
ProgramStudi,vrmmandiri,iuptes
SqlPilihanRepository,iup,iuptes
SqlPilihanRepository,vrmreguler,iuptes
SqlProgramStudiRepository,backoffice,iuptes
SqlProgramStudiRepository,vrmreguler,iuptes
SqlProgramStudiRepository,skmmandiri,iuptes
SqlProgramStudiRepository,iuptes,iuptes
SqlProgramStudiRepository,sarjanaprestasi,iuptes
SqlProgramStudiRepository,skmkemitraan,iuptes
SqlProgramStudiRepository,vokasi,iuptes
SqlProgramStudiRepository,iup,iuptes
SqlProgramStudiRepository,vrmmandiri,iuptes
SqlPendaftarRepository,backoffice,iuptes
SqlPilihanRepository,backoffice,iuptes
SqlPilihanRepository,skmkemitraan,iuptes
SqlPilihanRepository,iuptes,iuptes
PembayaranController,iup,iuptes
SignUpController,iup,iuptes
SignUpController,skmmandiri,iuptes
SignUpController,vrmmandiri,iuptes
SignUpController,vrmreguler,iuptes
SignUpController,skmkemitraan,iuptes
SignUpController,sarjanaprestasi,iuptes
SignUpController,vokasi,iuptes
CloseController,vokasi,iuptes
CloseController,iup,iuptes
SqlJalurMasukRepository,beranda,iuptes
BaseController,backoffice,iuptes
SqlJalurMasukRepository,backoffice,iuptes
CloseController,sarjanaprestasi,iuptes
CloseController,vrmmandiri,iuptes
CloseController,skmmandiri,iuptes
CloseController,skmkemitraan,iuptes
CloseController,vrmreguler,iuptes
CloseController,iuptes,iuptes
SignUpController,iuptes,iuptes
PembayaranController,sarjanaprestasi,iuptes
PembayaranController,vrmreguler,iuptes
PembayaranController,vrmmandiri,iuptes
PembayaranController,skmmandiri,iuptes
PembayaranController,skmkemitraan,iuptes
PembayaranController,iuptes,iuptes
PembayaranController,vokasi,iuptes
IndexController,pembayaran,iuptes
ProgramStudiController,iuptes,iuptes
ProgramStudiController,iup,iuptes
SpiController,iup,iuptes
SpiController,vrmmandiri,iuptes
SpiController,skmmandiri,iuptes
SpiController,skmkemitraan,iuptes
SpiController,iuptes,iuptes
ProgramStudiController,sarjanaprestasi,iuptes
ProgramStudiController,vokasi,iuptes
ProgramStudiController,vrmmandiri,iuptes
ProgramStudiController,skmmandiri,iuptes
UtbkController,skmmandiri,iuptes
UtbkController,iuptes,iuptes
UtbkController,vrmmandiri,iuptes
UtbkController,skmkemitraan,iuptes
UtbkController,vrmreguler,iuptes
ProgramStudiController,skmkemitraan,iuptes
MitraController,skmkemitraan,iuptes
ProgramStudiController,vrmreguler,iuptes
KonfirmasiCadanganController,vrmreguler,iuptes
SqlPembayaranRepository,vokasi,iuptes
SqlPembayaranRepository,vrmreguler,iuptes
SqlPembayaranRepository,skmmandiri,iuptes
SqlPembayaranRepository,skmkemitraan,iuptes
SqlPembayaranRepository,iuptes,iuptes
SqlPembayaranRepository,vrmmandiri,iuptes
SqlPembayaranRepository,sarjanaprestasi,iuptes
KartuPesertaController,iuptes,iuptes
KartuPesertaController,vrmmandiri,iuptes
KartuPesertaController,vrmreguler,iuptes
KartuPesertaController,skmmandiri,iuptes
KartuPesertaController,vokasi,iuptes
KartuPesertaController,sarjanaprestasi,iuptes
IupController,backoffice,iuptes
PembayaranController,backoffice,iuptes
SqlPembayaranRepository,backoffice,iuptes
VokasiController,backoffice,iuptes
IupTesController,backoffice,iuptes
SkmKemitraanController,backoffice,iuptes
SkmMandiriController,backoffice,iuptes
SarjanaPrestasiController,backoffice,iuptes
ReviewController,iuptes,iuptes
ReviewController,skmkemitraan,iuptes
ReviewController,skmmandiri,iuptes
SqlTkaRepository,skmmandiri,iuptes
SqlKotaUtbkRepository,skmmandiri,iuptes
SqlKotaUtbkRepository,vrmmandiri,iuptes
SqlPeriodeRepository,backoffice,iuptes
SqlKotaUtbkRepository,vrmreguler,iuptes
SqlKotaUtbkRepository,iuptes,iuptes
SqlKotaUtbkRepository,skmkemitraan,iuptes
Tka,skmmandiri,iuptes
Tka,skmkemitraan,iuptes
Tka,vrmreguler,iuptes
Tka,iuptes,iuptes
Tka,vrmmandiri,iuptes
SqlTkaRepository,skmkemitraan,iuptes
SqlTkaRepository,vrmreguler,iuptes
SqlTkaRepository,iuptes,iuptes
SqlTkaRepository,vrmmandiri,iuptes
UtbkService,skmmandiri,iuptes
UtbkService,skmkemitraan,iuptes
UtbkService,vrmreguler,iuptes
UtbkService,iuptes,iuptes
UtbkService,vrmmandiri,iuptes
ReviewController,vrmreguler,iuptes
ReviewController,vrmmandiri,iuptes
ReviewController,vokasi,iuptes
ReviewController,pendaftaran,iuptes
AlamatController,pendaftaran,iuptes
AlamatController,sarjanaprestasi,iuptes
FotoController,sarjanaprestasi,iuptes
FotoController,iup,iuptes
FotoController,pendaftaran,iuptes
DataPribadiController,pendaftaran,iuptes
DataPribadiController,iup,iuptes
DataPribadiController,sarjanaprestasi,iuptes
KontakController,sarjanaprestasi,iuptes
KontakController,pendaftaran,iuptes
SqlJenisHubunganKontakDarurat,pendaftaran,iuptes
SqlAgamaRepository,pendaftaran,iuptes
SqlAgamaRepository,sarjanaprestasi,iuptes
SqlAgamaRepository,skmkemitraan,iuptes
SqlAgamaRepository,vrmreguler,iuptes
SqlAgamaRepository,iuptes,iuptes
SqlAgamaRepository,vokasi,iuptes
SqlAgamaRepository,iup,iuptes
SqlAgamaRepository,vrmmandiri,iuptes
SqlAgamaRepository,skmmandiri,iuptes
SqlJenisHubunganKontakDarurat,sarjanaprestasi,iuptes
SqlJenisHubunganKontakDarurat,skmkemitraan,iuptes
SqlJenisHubunganKontakDarurat,vrmreguler,iuptes
SqlJenisHubunganKontakDarurat,iuptes,iuptes
SqlJenisHubunganKontakDarurat,vokasi,iuptes
SqlJenisHubunganKontakDarurat,iup,iuptes
SqlJenisHubunganKontakDarurat,vrmmandiri,iuptes
SqlJenisHubunganKontakDarurat,skmmandiri,iuptes
KontakController,vrmmandiri,iuptes
KontakController,skmmandiri,iuptes
KontakController,skmkemitraan,iuptes
KontakController,vrmreguler,iuptes
KontakController,iuptes,iuptes
KontakController,vokasi,iuptes
KontakController,iup,iuptes
DataPribadiController,vrmmandiri,iuptes
DataPribadiController,skmmandiri,iuptes
DataPribadiController,skmkemitraan,iuptes
DataPribadiController,vrmreguler,iuptes
DataPribadiController,iuptes,iuptes
DataPribadiController,vokasi,iuptes
FotoController,vrmmandiri,iuptes
FotoController,skmmandiri,iuptes
FotoController,skmkemitraan,iuptes
FotoController,vrmreguler,iuptes
FotoController,iuptes,iuptes
FotoController,vokasi,iuptes
AlamatController,vrmmandiri,iuptes
AlamatController,skmmandiri,iuptes
AlamatController,skmkemitraan,iuptes
AlamatController,vrmreguler,iuptes
AlamatController,iuptes,iuptes
AlamatController,vokasi,iuptes
AlamatController,iup,iuptes
DataWaliController,pendaftaran,iuptes
DataWaliController,vokasi,iuptes
DokumenController,iup,iuptes
DokumenController,pendaftaran,iuptes
DokumenController,vokasi,iuptes
DokumenController,vrmreguler,iuptes
DokumenController,sarjanaprestasi,iuptes
DokumenController,vrmmandiri,iuptes
DokumenController,skmmandiri,iuptes
DokumenController,skmkemitraan,iuptes
DokumenController,iuptes,iuptes
DataWaliController,iuptes,iuptes
DataWaliController,vrmmandiri,iuptes
DataWaliController,skmmandiri,iuptes
DataWaliController,skmkemitraan,iuptes
DataWaliController,vrmreguler,iuptes
DataWaliController,sarjanaprestasi,iuptes
DataWaliController,iup,iuptes
ReviewController,sarjanaprestasi,iuptes
BerandaController,beranda,iuptes
SatController,iuptes,iuptes
IgcseController,iuptes,iuptes
IgcseController,iup,iuptes
IgcseRequest,iup,iuptes
SatRequest,iup,iuptes
SatRequest,iup,iuptes
SatRequest,iuptes,iuptes
SatRequest,iuptes,iuptes
IgcseRequest,iup,iuptes
Igcse,iup,iuptes
KompetensiAkademikPendaftar,iup,iuptes
DokumenPendaftaran,skmmandiri,iuptes
TesKemampuanBahasa,iup,iuptes
SqlEptRepository,iup,iuptes
DataRapor,skmmandiri,iuptes
DataRapor,sarjanaprestasi,iuptes
DataRapor,skmkemitraan,iuptes
DataRapor,vrmreguler,iuptes
DataRapor,iuptes,iuptes
DataRapor,vokasi,iuptes
DataRapor,iup,iuptes
DataRapor,vrmmandiri,iuptes
TambahUtbk,skmmandiri,iuptes
TambahPendaftaranUtbk,skmmandiri,iuptes
TambahPendaftaranUtbk,skmkemitraan,iuptes
TambahPendaftaranUtbk,vrmreguler,iuptes
TambahPendaftaranUtbk,iuptes,iuptes
TambahPendaftaranUtbk,vrmmandiri,iuptes
TambahTka,skmmandiri,iuptes
TambahTka,skmkemitraan,iuptes
TambahTka,vrmreguler,iuptes
TambahTka,iuptes,iuptes
TambahTka,vrmmandiri,iuptes
TambahUtbk,skmkemitraan,iuptes
TambahUtbk,vrmreguler,iuptes
TambahUtbk,iuptes,iuptes
TambahUtbk,vrmmandiri,iuptes
IsAlamatSama,pendaftaran,iuptes
FotoProfilPendaftar,pendaftaran,iuptes
FotoProfilPendaftar,sarjanaprestasi,iuptes
FotoProfilPendaftar,skmkemitraan,iuptes
FotoProfilPendaftar,vrmreguler,iuptes
FotoProfilPendaftar,iuptes,iuptes
FotoProfilPendaftar,vokasi,iuptes
FotoProfilPendaftar,iup,iuptes
FotoProfilPendaftar,vrmmandiri,iuptes
FotoProfilPendaftar,skmmandiri,iuptes
RolePendaftar,beranda,iuptes
KontakWali,pendaftaran,iuptes
KontakWali,sarjanaprestasi,iuptes
KontakWali,skmkemitraan,iuptes
KontakWali,vrmreguler,iuptes
KontakWali,iuptes,iuptes
KontakWali,vokasi,iuptes
KontakWali,iup,iuptes
KontakWali,vrmmandiri,iuptes
KontakWali,skmmandiri,iuptes
PendaftaranPendaftar,skmmandiri,iuptes
PendaftaranPendaftar,sarjanaprestasi,iuptes
PendaftaranPendaftar,skmkemitraan,iuptes
PendaftaranPendaftar,vrmreguler,iuptes
PendaftaranPendaftar,iuptes,iuptes
PendaftaranPendaftar,vokasi,iuptes
PendaftaranPendaftar,iup,iuptes
PendaftaranPendaftar,vrmmandiri,iuptes
IsAlamatSama,sarjanaprestasi,iuptes
IsAlamatSama,skmkemitraan,iuptes
IsAlamatSama,vrmreguler,iuptes
IsAlamatSama,iuptes,iuptes
IsAlamatSama,vokasi,iuptes
IsAlamatSama,iup,iuptes
IsAlamatSama,vrmmandiri,iuptes
IsAlamatSama,skmmandiri,iuptes
DokumenRiwayatPendidikan,skmmandiri,iuptes
SqlRiwayatDokumenRepository,skmmandiri,iuptes
RiwayatDokumen,skmmandiri,iuptes
RiwayatDokumen,sarjanaprestasi,iuptes
RiwayatDokumen,skmkemitraan,iuptes
RiwayatDokumen,vrmreguler,iuptes
RiwayatDokumen,iuptes,iuptes
RiwayatDokumen,vokasi,iuptes
RiwayatDokumen,iup,iuptes
RiwayatDokumen,vrmmandiri,iuptes
SqlRiwayatDokumenRepository,sarjanaprestasi,iuptes
SqlRiwayatDokumenRepository,skmkemitraan,iuptes
SqlRiwayatDokumenRepository,vrmreguler,iuptes
SqlRiwayatDokumenRepository,iuptes,iuptes
SqlRiwayatDokumenRepository,vokasi,iuptes
SqlRiwayatDokumenRepository,iup,iuptes
SqlRiwayatDokumenRepository,vrmmandiri,iuptes
DataPendidikan,skmmandiri,iuptes
DataPendidikan,iup,iuptes
DataPendidikan,vokasi,iuptes
DataPendidikan,sarjanaprestasi,iuptes
DataPendidikan,skmkemitraan,iuptes
DataPendidikan,vrmreguler,iuptes
DataPendidikan,iuptes,iuptes
DataPendidikan,vrmmandiri,iuptes
DokumenRiwayatPendidikan,sarjanaprestasi,iuptes
DokumenRiwayatPendidikan,skmkemitraan,iuptes
DokumenRiwayatPendidikan,vrmreguler,iuptes
DokumenRiwayatPendidikan,iuptes,iuptes
DokumenRiwayatPendidikan,vokasi,iuptes
DokumenRiwayatPendidikan,iup,iuptes
DokumenRiwayatPendidikan,vrmmandiri,iuptes
DokumenVerifikasi,pendaftaran,iuptes
DokumenVerifikasi,skmmandiri,iuptes
DokumenVerifikasi,sarjanaprestasi,iuptes
DokumenVerifikasi,skmkemitraan,iuptes
DokumenVerifikasi,vrmreguler,iuptes
DokumenVerifikasi,iuptes,iuptes
DokumenVerifikasi,vokasi,iuptes
DokumenVerifikasi,vrmmandiri,iuptes
DokumenVerifikasi,iup,iuptes
DokumenPendaftaran,sarjanaprestasi,iuptes
DokumenPendaftaran,skmkemitraan,iuptes
DokumenPendaftaran,vrmreguler,iuptes
DokumenPendaftaran,iuptes,iuptes
DokumenPendaftaran,vokasi,iuptes
DokumenPendaftaran,iup,iuptes
DokumenPendaftaran,vrmmandiri,iuptes
TambahKompetensiAkademik,skmmandiri,iuptes
SqlIgcseRepository,backoffice,iuptes
SqlKompetensiAkademikRepository,iup,iuptes
SqlKompetensiAkademikRepository,iuptes,iuptes
SqlKompetensiAkademikRepository,skmmandiri,iuptes
KompetensiAkademik,skmmandiri,iuptes
KompetensiAkademik,skmkemitraan,iuptes
KompetensiAkademik,vrmreguler,iuptes
KompetensiAkademik,iuptes,iuptes
KompetensiAkademik,iup,iuptes
KompetensiAkademik,vrmmandiri,iuptes
SqlKompetensiAkademikRepository,skmkemitraan,iuptes
SqlKompetensiAkademikRepository,vrmreguler,iuptes
SqlKompetensiAkademikRepository,vrmmandiri,iuptes
SqlIgcseRepository,iup,iuptes
SqlIgcseRepository,iuptes,iuptes
SqlSatRepository,backoffice,iuptes
SqlSatRepository,iup,iuptes
SqlSatRepository,iuptes,iuptes
TambahKompetensiAkademik,skmkemitraan,iuptes
TambahKompetensiAkademik,vrmreguler,iuptes
TambahKompetensiAkademik,iuptes,iuptes
TambahKompetensiAkademik,vrmmandiri,iuptes
KompetensiAkademikPendaftar,iuptes,iuptes
Sat,iup,iuptes
Sat,iuptes,iuptes
Igcse,iuptes,iuptes
IgcseRequest,iuptes,iuptes
IgcseRequest,iuptes,iuptes
DokumenRequest,skmmandiri,iuptes
DokumenRequest,sarjanaprestasi,iuptes
DokumenRequest,skmkemitraan,iuptes
DokumenRequest,vrmreguler,iuptes
DokumenRequest,iuptes,iuptes
DokumenRequest,vokasi,iuptes
DokumenRequest,iup,iuptes
DokumenRequest,vrmmandiri,iuptes
PrestasiRequest,sarjanaprestasi,iuptes
PrestasiRequest,skmkemitraan,iuptes
PrestasiRequest,vrmreguler,iuptes
PrestasiRequest,iuptes,iuptes
PrestasiRequest,vokasi,iuptes
PrestasiRequest,iup,iuptes
PrestasiRequest,vrmmandiri,iuptes
AlamatRequest,pendaftaran,iuptes
AlamatRequest,sarjanaprestasi,iuptes
AlamatRequest,skmkemitraan,iuptes
AlamatRequest,vrmreguler,iuptes
AlamatRequest,iuptes,iuptes
AlamatRequest,vokasi,iuptes
AlamatRequest,iup,iuptes
AlamatRequest,vrmmandiri,iuptes
AlamatRequest,skmmandiri,iuptes
KontakRequest,pendaftaran,iuptes
Pendaftar,pendaftaran,iuptes
ValidasiPortofolioResponse,backoffice,iuptes
ValidasiPrestasiResponse,backoffice,iuptes
SqlPendaftarRepository,beranda,iuptes
SqlPendaftarRepository,vrmreguler,iuptes
SqlPendaftarRepository,skmmandiri,iuptes
SqlPendaftarRepository,pendaftaran,iuptes
SqlDokumenRepository,backoffice,iuptes
SqlDokumenRepository,vokasi,iuptes
SqlDokumenRepository,skmmandiri,iuptes
SqlDokumenRepository,iup,iuptes
SqlDokumenRepository,sarjanaprestasi,iuptes
SqlDokumenRepository,skmkemitraan,iuptes
SqlDokumenRepository,vrmreguler,iuptes
SqlDokumenRepository,iuptes,iuptes
SqlDokumenRepository,vrmmandiri,iuptes
SqlAlamatRepository,backoffice,iuptes
SqlPendidikanRepository,backoffice,iuptes
SqlRumpunJurusanRepository,skmmandiri,iuptes
PendidikanController,iup,iuptes
Pendidikan,skmmandiri,iuptes
Pendidikan,sarjanaprestasi,iuptes
Pendidikan,skmkemitraan,iuptes
Pendidikan,vrmreguler,iuptes
Pendidikan,iuptes,iuptes
Pendidikan,vokasi,iuptes
Pendidikan,iup,iuptes
Pendidikan,vrmmandiri,iuptes
PendidikanController,sarjanaprestasi,iuptes
PendidikanController,vrmmandiri,iuptes
PendidikanController,skmmandiri,iuptes
PendidikanController,skmkemitraan,iuptes
PendidikanController,vrmreguler,iuptes
PendidikanController,iuptes,iuptes
PendidikanController,vokasi,iuptes
SqlRumpunJurusanRepository,sarjanaprestasi,iuptes
SqlRumpunJurusanRepository,skmkemitraan,iuptes
SqlRumpunJurusanRepository,vrmreguler,iuptes
SqlRumpunJurusanRepository,iuptes,iuptes
SqlRumpunJurusanRepository,vokasi,iuptes
SqlRumpunJurusanRepository,iup,iuptes
SqlRumpunJurusanRepository,vrmmandiri,iuptes
SqlPendidikanRepository,iup,iuptes
SqlPendidikanRepository,skmmandiri,iuptes
SqlPendidikanRepository,skmkemitraan,iuptes
SqlPendidikanRepository,vrmreguler,iuptes
SqlPendidikanRepository,iuptes,iuptes
SqlPendidikanRepository,vrmmandiri,iuptes
SqlPendidikanRepository,sarjanaprestasi,iuptes
SqlPendidikanRepository,vokasi,iuptes
Alamat,pendaftaran,iuptes
Alamat,sarjanaprestasi,iuptes
Alamat,skmkemitraan,iuptes
Alamat,vrmreguler,iuptes
Alamat,iuptes,iuptes
Alamat,vokasi,iuptes
Alamat,iup,iuptes
Alamat,vrmmandiri,iuptes
Alamat,skmmandiri,iuptes
SqlPendaftarRepository,iup,iuptes
SqlPendaftarRepository,skmkemitraan,iuptes
SqlPendaftarRepository,iuptes,iuptes
SqlPendaftarRepository,vrmmandiri,iuptes
SqlPendaftarRepository,vokasi,iuptes
SqlPendaftarRepository,sarjanaprestasi,iuptes
Pendaftar,sarjanaprestasi,iuptes
Pendaftar,skmkemitraan,iuptes
Pendaftar,vrmreguler,iuptes
Pendaftar,iuptes,iuptes
Pendaftar,vokasi,iuptes
Pendaftar,iup,iuptes
Pendaftar,beranda,iuptes
Pendaftar,vrmmandiri,iuptes
Pendaftar,skmmandiri,iuptes
Kontak,pendaftaran,iuptes
Kontak,sarjanaprestasi,iuptes
Kontak,skmkemitraan,iuptes
Kontak,vrmreguler,iuptes
Kontak,iuptes,iuptes
Kontak,vokasi,iuptes
Kontak,iup,iuptes
Kontak,vrmmandiri,iuptes
Kontak,skmmandiri,iuptes
KontakRequest,sarjanaprestasi,iuptes
KontakRequest,skmkemitraan,iuptes
KontakRequest,vrmreguler,iuptes
KontakRequest,iuptes,iuptes
KontakRequest,vokasi,iuptes
KontakRequest,iup,iuptes
KontakRequest,vrmmandiri,iuptes
KontakRequest,skmmandiri,iuptes
DataWaliRequest,skmmandiri,iuptes
DataWaliRequest,sarjanaprestasi,iuptes
DataWaliRequest,skmkemitraan,iuptes
DataWaliRequest,vrmreguler,iuptes
DataWaliRequest,iuptes,iuptes
DataWaliRequest,vokasi,iuptes
DataWaliRequest,vrmmandiri,iuptes
DataWaliRequest,iup,iuptes
UtbkRequest,skmkemitraan,iuptes
UtbkRequest,vrmreguler,iuptes
UtbkRequest,iuptes,iuptes
UtbkRequest,vrmmandiri,iuptes
Rapor,skmmandiri,iup
SqlRaportRepository,skmmandiri,iup
SqlRaportRepository,sarjanaprestasi,iup
SqlRaportRepository,skmkemitraan,iup
SqlRaportRepository,vrmreguler,iup
SqlRaportRepository,iuptes,iup
SqlRaportRepository,vokasi,iup
SqlRaportRepository,iup,iup
SqlRaportRepository,vrmmandiri,iup
Rapor,sarjanaprestasi,iup
Rapor,skmkemitraan,iup
Rapor,vrmreguler,iup
Rapor,iuptes,iup
Rapor,vokasi,iup
Rapor,iup,iup
Rapor,vrmmandiri,iup
AuthController,auth,auth
BackofficeAuthController,auth,auth
NotificationController,pembayaran,iuptes
NotificationController,skmmandiri,iuptes
NotificationController,sarjanaprestasi,iuptes
NotificationController,skmkemitraan,iuptes
NotificationController,vrmreguler,iuptes
NotificationController,iuptes,iuptes
NotificationController,vokasi,iuptes
NotificationController,vrmmandiri,iuptes
KipKuliahController,vokasi,sarjanaprestasi
KipKuliahController,sarjanaprestasi,sarjanaprestasi
KipKuliahController,vrmreguler,sarjanaprestasi
DataWali,pendaftaran,iup
DataWali,sarjanaprestasi,iup
DataWali,skmkemitraan,iup
DataWali,vrmreguler,iup
DataWali,iuptes,iup
DataWali,vokasi,iup
DataWali,iup,iup
DataWali,vrmmandiri,iup
DataWali,skmmandiri,iup
DataIbu,pendaftaran,pendaftaran
JsonResponseRequest,berkas,berkas
TesKemampuanBahasa,iup,iup
