Sertifikasi,portofolio,portofolio
SertifikasiController,portofolio,portofolio
Pendidikan,auth,portofolio
PortofolioModel,portofolio,portofolio
Mou,organisasi,portofolio
Organisasi,organisasi,portofolio
JenisOrganisasi,organisasi,portofolio
JenisSertifikasi,portofolio,portofolio
JenisDudi,portofolio,portofolio
KategoriMagang,portofolio,portofolio
SkalaMagang,portofolio,portofolio
PeranKegiatan,portofolio,portofolio
SkalaKegiatan,portofolio,portofolio
CapaianKompetisi,portofolio,portofolio
SkalaKompetisi,portofolio,portofolio
SkalaPelatihan,portofolio,portofolio
JenisKegiatan,portofolio,portofolio
Wilayah,organisasi,portofolio
Propinsi,auth,portofolio
Negara,auth,portofolio
Agama,profil,portofolio
Agama,auth,portofolio
ReferenceModel,portofolio,portofolio
JenjangPendidikan,profil,portofolio
Kota,auth,portofolio
BidangMou,organisasi,portofolio
Organisasi,profil,portofolio
Orang,profil,portofolio
AuthController,auth,portofolio
OrganisasiController,organisasi,portofolio
MouController,organisasi,portofolio
PekerjaanController,profil,portofolio
WilayahController,profil,portofolio
ApiController,portofolio,portofolio
DokumenKegiatan,portofolio,portofolio
Kegiatan,portofolio,portofolio
KegiatanController,portofolio,portofolio
PendidikanController,profil,portofolio
KompetisiRequest,portofolio,portofolio
PelatihanRequest,portofolio,portofolio
SertifikasiRequest,portofolio,portofolio
KegiatanRequest,portofolio,portofolio
MagangRequest,portofolio,portofolio
PertukaranMhsRequest,portofolio,portofolio
UploadFileRequest,portofolio,portofolio
LoginRequest,auth,portofolio
JsonResponseRequest,portofolio,portofolio
RegisterRequest,auth,portofolio
ProfilController,profil,portofolio
TawaranController,tawaran,portofolio
SkillController,skill,portofolio
OrganisasiController,skill,portofolio
SkillController,profil,portofolio
Organisasi,auth,portofolio
Orang,auth,portofolio
Orang,portofolio,portofolio
Pekerjaan,profil,portofolio
Pekerjaan,auth,portofolio
Pendidikan,profil,portofolio
Pelatihan,portofolio,portofolio
PelatihanController,portofolio,portofolio
Kompetisi,portofolio,portofolio
AnggotaKompetisi,portofolio,portofolio
KompetisiController,portofolio,portofolio
Magang,portofolio,portofolio
MagangController,portofolio,portofolio
Mitra,organisasi,organisasi
BaseModel,portofolio,organisasi
RencanaAktivitas,organisasi,organisasi
SkillController,organisasi,organisasi
DashboardController,dashboard,dashboard
PertukaranMhsController,portofolio,portofolio
PertukaranMhs,portofolio,portofolio
PortofolioController,portofolio,portofolio
