KuotaMembimbingDto,pembimbingan,pembimbingan
TesisId,pembimbingan,pembimbingan
DosenId,pembimbingan,pembimbingan
PembimbingDto,tesis,tesis
SearchPembimbingQueryInterface,tesis,tesis
LaboratoriumDto,tesis,tesis
LaboratoriumQueryInterface,tesis,tesis
RmkQueryInterface,tesis,tesis
RmkDto,tesis,tesis
DetailMahasiswaDto,auth,auth
DetailMahasiswaQueryInterface,auth,auth
SimpanKonfigurasiRequest,admin,admin
KonfigurasiQueryInterface,admin,admin
SimpanKonfigurasiCommand,admin,admin
KonfigurasiDto,admin,admin
Konfigurasi,admin,admin
KonfigurasiRepositoryInterface,admin,admin
JenjangDidik,dosenpembimbing,dosenpembimbing
UnitOrg,dosenpembimbing,dosenpembimbing
SimpanKuotaBimbinganRequest,dosenpembimbing,dosenpembimbing
SimpanKuotaBimbinganCommand,dosenpembimbing,dosenpembimbing
UnitOrgRepositoryInterface,dosenpembimbing,dosenpembimbing
KuotaProdi,dosenpembimbing,dosenpembimbing
KuotaProdiRepositoryInterface,dosenpembimbing,dosenpembimbing
DosenPembimbingDto,dosenpembimbing,dosenpembimbing
ListDosenPembimbingQueryInterface,dosenpembimbing,dosenpembimbing
KuotaPembimbingDto,dosenpembimbing,dosenpembimbing
KuotaPembimbingQueryInterface,dosenpembimbing,dosenpembimbing
PermintaanAnggotaDto,beranda,tesis
JenjangDidik,tesis,tesis
HapusPembimbingTesisRequest,tesis,tesis
PersetujuanAnggotaTesisDto,tesis,tesis
SimpanPersetujuanAnggotaRequest,tesis,tesis
DaftarPembimbingTesisDto,pembimbingan,tesis
TesisId,tesis,tesis
ListTesisQueryInterface,tesis,tesis
PembimbingTesisRepositoryInterface,tesis,tesis
TambahMahasiswaTesisCommand,tesis,tesis
JenisTesisQuery,tesis,tesis
KuotaMembimbingRepositoryInterface,tesis,tesis
MahasiswaTesisRepositoryInterface,tesis,tesis
KuotaMembimbingQueryInterface,tesis,tesis
KuotaProdi,tesis,tesis
UpdateUsulanTesisRequest,tesis,tesis
StatusTesis,tesis,tesis
KonfigurasiQueryInterface,beranda,tesis
ListTesisDto,beranda,tesis
SearchMahasiswaQueryInterface,tesis,tesis
UnitOrgId,tesis,tesis
SdmId,tesis,tesis
HapusMahasiswaTesisRequest,tesis,tesis
Sdm,tesis,tesis
MahasiswaDto,tesis,tesis
TerimaPermintaanRequest,tesis,tesis
KuotaMembimbingDto,tesis,tesis
MahasiswaTesisDto,tesis,tesis
ListTesisQueryInterface,beranda,tesis
TerimaPermintaanCommand,tesis,tesis
MahasiswaRepositoryInterface,tesis,tesis
PembimbingTesisQueryInterface,tesis,tesis
KuotaMembimbing,tesis,tesis
DaftarAnggotaTesisDto,pembimbingan,tesis
TambahMahasiswaTesisRequest,tesis,tesis
TesisDto,pembimbingan,tesis
PersetujuanAnggotaTesisQueryInterface,tesis,tesis
TolakPermintaanRequest,tesis,tesis
PermintaanAnggotaQueryInterface,beranda,tesis
KonfigurasiDto,beranda,tesis
SisaKuotaMembimbingDto,tesis,tesis
KataKunci,tesis,tesis
Mahasiswa,tesis,tesis
StatusPersetujuanMahasiswa,tesis,tesis
DetailPermintaanPembimbinganQueryInterface,tesis,tesis
MahasiswaTesisQueryInterface,tesis,tesis
KonfigurasiQueryInterface,tesis,tesis
HapusMahasiswaTesisCommand,tesis,tesis
DaftarAnggotaTesisQueryInterface,pembimbingan,tesis
SisaKuotaMembimbingQueryInterface,tesis,tesis
KuotaProdiRepositoryInterface,tesis,tesis
TesisRepositoryInterface,tesis,tesis
DetailTesisDto,tesis,tesis
DaftarPermintaanPembimbinganQueryInterface,tesis,tesis
BimbinganDto,pembimbingan,tesis
PermintaanPembimbinganDto,tesis,tesis
RmkId,tesis,tesis
SdmRepositoryInterface,tesis,tesis
KonfigurasiDto,tesis,tesis
JenisSdm,tesis,tesis
SimpanUsulanTesisCommand,tesis,tesis
TambahPembimbingTesisRequest,tesis,tesis
PembimbingTesis,tesis,tesis
ListTesisDto,tesis,tesis
MahasiswaTesis,tesis,tesis
StatusPersetujuanPembimbing,tesis,tesis
Judul,tesis,tesis
SimpanPersetujuanAnggotaCommand,tesis,tesis
PembimbingTesisDto,tesis,tesis
DetailPermintaanPembimbinganDto,tesis,tesis
Abstrak,tesis,tesis
DetailTesisQueryInterface,tesis,tesis
UpdateUsulanTesisCommand,tesis,tesis
TolakPermintaanCommand,tesis,tesis
HapusPembimbingTesisCommand,tesis,tesis
DetailTesisQueryInterface,pembimbingan,tesis
DaftarBimbinganSayaQueryInterface,pembimbingan,tesis
TambahPembimbingTesisCommand,tesis,tesis
Tesis,tesis,tesis
SimpanUsulanTesisRequest,tesis,tesis
MahasiswaId,tesis,tesis
DaftarPembimbingTesisQueryInterface,pembimbingan,tesis
PermintaanPembimbinganController,tesis,tesis
PembimbingController,tesis,tesis
LaboratoriumController,tesis,tesis
RmkController,tesis,tesis
MahasiswaController,tesis,tesis
UsulanController,tesis,tesis
TesisRepository,tesis,tesis
PembimbingTesisRepository,tesis,tesis
MahasiswaTesisRepository,tesis,tesis
KuotaMembimbingRepository,tesis,tesis
MahasiswaRepository,tesis,tesis
SdmRepository,tesis,tesis
KuotaProdiRepository,tesis,tesis
KonfigurasiQuery,tesis,tesis
PersetujuanAnggotaTesisQuery,tesis,tesis
DetailTesisQuery,tesis,tesis
MahasiswaTesisQuery,tesis,tesis
ListTesisQuery,tesis,tesis
RmkQuery,tesis,tesis
KuotaMembimbingQuery,tesis,tesis
SearchPembimbingQuery,tesis,tesis
SisaKuotaMembimbingQuery,tesis,tesis
LaboratoriumQuery,tesis,tesis
DetailPermintaanPembimbinganQuery,tesis,tesis
PembimbingTesisQuery,tesis,tesis
DaftarPermintaanPembimbinganQuery,tesis,tesis
SearchMahasiswaQuery,tesis,tesis
DetailMahasiswaQuery,auth,auth
AuthController,auth,auth
PembimbinganController,pembimbingan,tesis
DaftarBimbinganSayaQuery,pembimbingan,tesis
DetailTesisQuery,pembimbingan,tesis
DaftarAnggotaTesisQuery,pembimbingan,tesis
DaftarPembimbingTesisQuery,pembimbingan,tesis
KuotaMembimbingQuery,pembimbingan,pembimbingan
Tesis,pembimbingan,pembimbingan
Dosen,pembimbingan,pembimbingan
KonfigurasiQuery,beranda,tesis
PermintaanAnggotaQuery,beranda,tesis
ListTesisQuery,beranda,tesis
BerandaController,beranda,tesis
KonfigurasiController,admin,admin
KonfigurasiRepository,admin,admin
KonfigurasiQuery,admin,admin
KuotaBimbinganController,dosenpembimbing,dosenpembimbing
DosenPembimbingController,dosenpembimbing,dosenpembimbing
UnitOrgRepository,dosenpembimbing,dosenpembimbing
KuotaProdiRepository,dosenpembimbing,dosenpembimbing
KuotaPembimbingQuery,dosenpembimbing,dosenpembimbing
ListDosenPembimbingQuery,dosenpembimbing,dosenpembimbing
BaseController,tesis,tesis
JenisTesis,tesis,tesis
Nilai,tesis,tesis
MahasiswaId,pembimbingan,pembimbingan
UserId,pembimbingan,pembimbingan
Mahasiswa,pembimbingan,pembimbingan
BimbinganId,pembimbingan,pembimbingan
Bimbingan,pembimbingan,pembimbingan
KuotaController,admin,admin
BaseController,admin,admin
UnitOrgId,admin,admin
JenisTesisQuery,pembimbingan,pembimbingan
DaftarPermintaanBimbinganQueryInterface,pembimbingan,pembimbingan
StatusPersetujuanMahasiswa,pembimbingan,pembimbingan
