Pekerjaan,profil,profil
Orang,auth,auth
LoginRequest,auth,auth
RegisterRequest,auth,auth
JsonResponseRequest,portofolio,portofolio
JenjangPendidikan,profil,profil
Agama,profil,profil
Orang,profil,profil
Pendidikan,profil,profil
Mitra,organisasi,organisasi
Organisasi,organisasi,organisasi
RencanaAktivitas,organisasi,organisasi
Mou,organisasi,organisasi
BidangMou,organisasi,organisasi
Kegiatan,portofolio,portofolio
JenisSertifikasi,portofolio,portofolio
SkalaPelatihan,portofolio,portofolio
ReferenceModel,portofolio,portofolio
Pelatihan,portofolio,portofolio
JenisDudi,portofolio,portofolio
Kompetisi,portofolio,portofolio
Magang,portofolio,portofolio
JenisKegiatan,portofolio,portofolio
BaseModel,portofolio,portofolio
PeranKegiatan,portofolio,portofolio
MagangRequest,portofolio,portofolio
PertukaranMhs,portofolio,portofolio
Sertifikasi,portofolio,portofolio
SkalaKegiatan,portofolio,portofolio
PortofolioModel,portofolio,portofolio
SkalaKompetisi,portofolio,portofolio
SertifikasiRequest,portofolio,portofolio
KategoriMagang,portofolio,portofolio
PelatihanRequest,portofolio,portofolio
CapaianKompetisi,portofolio,portofolio
PortofolioController,portofolio,portofolio
SkalaMagang,portofolio,portofolio
KompetisiRequest,portofolio,portofolio
PertukaranMhsRequest,portofolio,portofolio
KegiatanRequest,portofolio,portofolio
PekerjaanController,profil,profil
ProfilController,profil,profil
PendidikanController,profil,profil
OrganisasiController,organisasi,organisasi
MouController,organisasi,organisasi
AuthController,auth,auth
AnggotaKompetisi,portofolio,portofolio
DokumenKegiatan,portofolio,portofolio
PelatihanController,portofolio,portofolio
PertukaranMhsController,portofolio,portofolio
SertifikasiController,portofolio,portofolio
KompetisiController,portofolio,portofolio
KegiatanController,portofolio,portofolio
ApiController,portofolio,portofolio
MagangController,portofolio,portofolio
UploadFileRequest,portofolio,portofolio
Organisasi,profil,profil
WilayahController,profil,profil
SkillController,profil,profil
JenisOrganisasi,organisasi,organisasi
Wilayah,organisasi,organisasi
SkillController,organisasi,organisasi
Negara,auth,auth
Pekerjaan,auth,auth
Organisasi,auth,auth
Pendidikan,auth,auth
Agama,auth,auth
Propinsi,auth,auth
Kota,auth,auth
Orang,portofolio,portofolio
TawaranController,tawaran,tawaran
DashboardController,dashboard,dashboard
OrganisasiController,skill,skill
SkillController,skill,skill
