User,auth,auth
AccessRouteService,job,job
RouteAccessed,job,job
IGetPostQuery,post,post
NotFoundException,notification,notification
TypeAbout,notification,notification
UserId,notification,notification
NotificationRepositoryInterface,notification,notification
NotificationId,notification,notification
AboutId,notification,notification
Notification,notification,notification
PendidikanId,job,job
PendidikanIdList,job,job
IncrementApplicantNumberService,job,job
AddVacancyService,job,job
SubmitApplicationFormRequest,job,job
UpdateVacancyRequest,job,job
Dokumen,job,job
GetVacancyDetailService,job,job
SkillId,job,job
GetApplicantListService,job,job
Perusahaan,job,job
SkillIdList,job,job
Pendidikan,job,job
SubmitApplicationFormService,job,job
UserTrait,job,job
LamaranId,job,job
BerkasIdList,job,job
DokumenIdList,job,job
UnpublishVacancyService,job,job
GetSavedVacancyListRequest,job,job
BerkasIdListFactory,job,job
GetEducationDetailService,job,job
CloseVacancyService,job,job
AddVacancyRequest,job,job
JobRepository,job,job
LowonganId,job,job
GetSavedEmployeeListRequest,job,job
GetApplicationDetailService,job,job
UploadFileRequest,job,job
SaveVacancyService,job,job
JobSeeker,job,job
DokumenId,job,job
LamaranCreated,job,job
LowonganStatus,job,job
GetSkillListService,job,job
GetCompanyRequiredDocumentListResponse,job,job
BerkasId,job,job
JobSeekerId,job,job
PengalamanId,job,job
GetApplicationFormService,job,job
UpdateVacancyService,job,job
IdList,job,job
GetVacancyListService,job,job
AddRequiredDocumentRequest,job,job
Lowongan,job,job
GetCompanyRequiredDocumentListService,job,job
Tanggal,job,job
PendidikanIdListFactory,job,job
GetExperienceDetailService,job,job
DeleteSavedEmployeeService,job,job
UpdateExperienceService,job,job
LamaranStatus,job,job
SaveProspectiveEmployeeService,job,job
SkillIdListFactory,job,job
UpdateEducationService,job,job
DokumenIdListFactory,job,job
FollowCompanyService,job,job
GetVacancyDetailService,job,job
GetJobTypeListService,job,job
AddRequiredDocumentService,job,job
GetApplicationDetailService,job,job
AddDefaultRequiredDocumentsToNewCompanyService,job,job
PerusahaanId,job,job
PengalamanIdList,job,job
UpdateExperienceRequest,job,job
MssqlJobRepository,job,job
GetSavedVacancyListService,job,job
DeleteSavedVacancyService,job,job
GetCompanyListRequest,job,job
GetMyVacancyListService,job,job
Lamaran,job,job
DeleteVacancyService,job,job
GetSavedEmployeeListService,job,job
PengalamanIdListFactory,job,job
UploadFileService,job,job
Pengalaman,job,job
GetProspectiveEmployeeListService,job,job
GetCompanyListService,job,job
PublishVacancyService,job,job
GetJobSeekerProfileService,job,job
UpdateEducationRequest,job,job
GetVacancyListRequest,job,job
GetProspectiveEmployeeListRequest,job,job
NotAllowedEditData,profile,profile
PostRepositoryInterface,profile,profile
Post,profile,profile
Email,profile,profile
Username,profile,profile
UpdateCompanyService,profile,profile
Follower,profile,profile
IGetUserProfilePostQuery,profile,profile
DeleteCompanyService,profile,profile
ConnectUserService,profile,profile
ConnectUserRequest,profile,profile
UploadUserPictureService,profile,profile
NotAllowedDeleteData,profile,profile
CompanyRepositoryInterface,profile,profile
DeletePostService,profile,profile
Status,profile,profile
Type,profile,profile
WithdrawConnectionRequest,profile,profile
DeleteCompanyRequest,profile,profile
Connection,profile,profile
NotFoundException,profile,profile
UploadCompanyPictureService,profile,profile
CreatePostService,profile,profile
RejectConnectionRequest,profile,profile
CreatePostRequest,profile,profile
UpdateUserRequest,profile,profile
UpdatePostRequest,profile,profile
DeletePostRequest,profile,profile
UnconnectUserService,profile,profile
IEditCompanyProfileQuery,profile,profile
IGetCompanyProfilePostQuery,profile,profile
CreateCompanyRequest,profile,profile
AcceptConnectionRequest,profile,profile
UnconnectUserRequest,profile,profile
UpdateUserService,profile,profile
ConnectionSent,profile,profile
IGetCompanyProfileQuery,profile,profile
FollowCompanyService,profile,profile
UserRepositoryInterface,profile,profile
Phone,profile,profile
ConnectionRepositoryInterface,profile,profile
IGetUserCompanyQuery,profile,profile
User,profile,profile
CreateCompanyService,profile,profile
UploadUserPictureRequest,profile,profile
IEditUserProfileQuery,profile,profile
UserId,profile,profile
FollowCompanyRequest,profile,profile
UploadDocumentInterface,profile,profile
IGetUserProfileQuery,profile,profile
UploadCompanyPictureRequest,profile,profile
WithdrawConnectionService,profile,profile
Company,profile,profile
AcceptConnectionService,profile,profile
CompanyId,profile,profile
PostId,profile,profile
UpdateCompanyRequest,profile,profile
UploadDocumentException,profile,profile
ConnectionId,profile,profile
UpdatePostService,profile,profile
RejectConnectionService,profile,profile
DeletePostService,community,community
MemberId,community,community
IGetCommunityQuery,community,community
CreatePostService,community,community
CommunityRepositoryInterface,community,community
IEditCommunityProfileQuery,community,community
JoinCommunityRequest,community,community
CreateCommunityRequest,community,community
CommunityId,community,community
IGetMyCommunityQuery,community,community
JoinCommunityService,community,community
NotFoundException,community,community
Post,community,community
UpdateCommunityRequest,community,community
WithdrawMembershipRequest,community,community
User,community,community
NotAllowedDeleteData,community,community
Member,community,community
WithdrawMembershipService,community,community
PostId,community,community
KickMemberService,community,community
UpdatePostRequest,community,community
UploadCommunityPictureService,community,community
CreateCommunityService,community,community
LeaveCommunityService,community,community
RejectMemberService,community,community
RequestSent,community,community
UploadDocumentException,community,community
Visibility,community,community
UserId,community,community
KickMemberRequest,community,community
UploadDocumentInterface,community,community
AcceptMemberService,community,community
MemberRepositoryInterface,community,community
LeaveCommunityRequest,community,community
IGetCommunityMemberQuery,community,community
Community,community,community
UpdatePostService,community,community
CreatePostRequest,community,community
NotAllowedEditData,community,community
DeletePostRequest,community,community
UploadCommunityPictureRequest,community,community
IGetCommunityProfilePostQuery,community,community
Type,community,community
PostRepositoryInterface,community,community
RejectMemberRequest,community,community
IGetCommunityProfileQuery,community,community
UpdateCommunityService,community,community
Membership,community,community
AcceptMemberRequest,community,community
IGetCommunityCategoryQuery,community,community
Category,community,community
UserRepositoryInterface,community,community
IGetPendingMemberQuery,community,community
DeleteCommentRequest,post,post
LikePostService,post,post
Comment,post,post
IGetPostCommentQuery,post,post
UnlikePostRequest,post,post
UnlikePostService,post,post
SavePostService,post,post
IGetPostLikeQuery,post,post
SavePostRequest,post,post
NotAllowedDeleteData,post,post
PostLikeService,post,post
User,post,post
UserId,post,post
CommentId,post,post
CommentDeleted,post,post
PostUnliked,post,post
Type,post,post
PostId,post,post
PostLiked,post,post
LikePostRequest,post,post
CommentPostRequest,post,post
CommentRepositoryInterface,post,post
DeleteCommentService,post,post
PostSaveService,post,post
PostRepositoryInterface,post,post
CommentHasReplyException,post,post
NotFoundException,post,post
Post,post,post
PostCommented,post,post
UnsavePostRequest,post,post
UnsavePostService,post,post
UserRepositoryInterface,post,post
CompanyId,post,post
CommunityId,post,post
CommentPostService,post,post
VacancyController,job,job
ApplicationController,job,job
TestingController,job,job
ApplyVacancyService,job,job
RouteAccessedSyncEventListener,job,job
LamaranCreatedEventListener,job,job
CreateDefaultRequiredDocuments,job,job
UserPostController,profile,profile
CompanyProfileController,profile,profile
UserProfileController,profile,profile
CompanyPostController,profile,profile
SqlCompanyRepository,profile,profile
SqlConnectionRepository,profile,profile
SqlPostRepository,profile,profile
SqlUserRepository,profile,profile
ItsStorageUploadDocument,profile,profile
SqlGetUserCompany,profile,profile
SqlEditUserProfile,profile,profile
SqlGetCompanyProfile,profile,profile
SqlGetCompanyProfilePost,profile,profile
SqlEditCompanyProfile,profile,profile
SqlGetUserProfilePost,profile,profile
SqlGetUserProfile,profile,profile
NotificationEventListener,profile,profile
CommunityPostController,community,community
CommunityController,community,community
SqlCommunityRepository,community,community
SqlMemberRepository,community,community
SqlPostRepository,community,community
SqlUserRepository,community,community
ItsStorageUploadDocument,community,community
SqlGetCommunityMember,community,community
SqlGetCommunityProfilePost,community,community
SqlGetPendingMember,community,community
SqlGetMyCommunity,community,community
SqlGetCommunity,community,community
SqlGetCommunityCategory,community,community
NotificationEventListener,community,community
AuthController,auth,auth
PostCommentController,post,post
PostLikeController,post,post
PostController,post,post
PostSaveController,post,post
SqlCommentRepository,post,post
SqlPostRepository,post,post
SqlUserRepository,post,post
SqlPostSaveService,post,post
SqlPostLikeService,post,post
SqlGetPostLike,post,post
SqlGetPostComment,post,post
SqlGetPost,post,post
NotificationEventListener,post,post
SqlNotificationRepository,notification,notification
DeleteNotificationService,notification,notification
CreateNotificationService,notification,notification
AdminController,job,job
BaseController,job,job
BaseController,profile,profile
BaseController,community,community
SqlGetCommunityProfile,community,community
SqlEditCommunityProfile,community,community
BaseController,auth,auth
BaseController,post,post
UnlikePostResponse,post,post
CommentPostResponse,post,post
LikePostResponse,post,post
Like,post,post
Save,post,post
NotAllowedEditData,post,post
DeleteNotificationRequest,notification,notification
CreateNotificationRequest,notification,notification
User,notification,notification
GetApplicationListService,job,job
DashboardController,dashboard,dashboard
BaseController,dashboard,dashboard
SearchController,dashboard,dashboard
NotificationController,notification,notification
BaseController,notification,notification
