KondisiEkonomi,profil,profil
BaseModel,profil,profil
FileStorage,profil,profil
Dokumen,profil,profil
ReferenceModel,profil,profil
JenisDokumen,profil,profil
UpdateNominalInsentifPembimbingRequest,insenkom,insenkom
DomainException,insenkom,insenkom
PembimbingKompetisiRepository,insenkom,insenkom
GetDaftarTimKompetisiService,insenkom,insenkom
GetDetailTimKompetisiService,insenkom,insenkom
MssqlInsentifRepository,insenkom,insenkom
GetSBIFormDataService,insenkom,insenkom
KomponenInsentifTim,insenkom,insenkom
RemoveKomponenInsentifTimService,insenkom,insenkom
GetDaftarTimKompetisiRequest,insenkom,insenkom
UpdateNominalInsentifTimService,insenkom,insenkom
BaseService,insenkom,insenkom
MssqlTimKompetisiRepository,insenkom,insenkom
Insentif,insenkom,insenkom
RemoveKomponenInsentifPembimbingService,insenkom,insenkom
KomponenInsentifPembimbing,insenkom,insenkom
GetDetailKompetisiService,insenkom,insenkom
KomponenInsentifBase,insenkom,insenkom
GetDaftarPembimbingKompetisiRequest,insenkom,insenkom
UpdateNominalInsentifTimRequest,insenkom,insenkom
GetDetailPembimbingKompetisiService,insenkom,insenkom
UpdateNominalInsentifPembimbingService,insenkom,insenkom
DTO,insenkom,insenkom
GetBaseQueryForKompetisiService,insenkom,insenkom
InsentifRepository,insenkom,insenkom
InsentifIsCommited,insenkom,insenkom
TimKompetisiRepository,insenkom,insenkom
GetDaftarSBIService,insenkom,insenkom
GetDaftarAnggotaKompetisiService,insenkom,insenkom
AjaxResponse,insenkom,insenkom
AddKomponenInsentifPembimbingService,insenkom,insenkom
GetBaseQueryForPembimbingKompetisiService,insenkom,insenkom
MssqlPembimbingKompetisiRepository,insenkom,insenkom
GetDaftarPembimbingKompetisiService,insenkom,insenkom
AddKomponenInsentifTimService,insenkom,insenkom
Placebo,insenkom,insenkom
MssqlStudiIndependenRepository,skem,skem
PelatihanRepository,skem,skem
DeleteSkemService,skem,skem
CreateSkemResponse,skem,skem
ShowKegiatanSkemService,skem,skem
IndexSkemService,skem,skem
MssqlKompetisiOlahragaMandiriRepository,skem,skem
MssqlAbdimasRepository,skem,skem
Aktivitas,skem,skem
UpdateStatusSkemService,skem,skem
NameWrapperUtil,skem,skem
ShowKegiatanSkemService,skem,skem
ShowMahasiswaService,skem,skem
SertifikasiRepository,skem,skem
Ormawa,skem,skem
IndexSkemService,skem,skem
BasePersistenceException,skem,skem
IndexPerkembanganSkemRequest,skem,skem
EditSkemResponse,skem,skem
MahasiswaDTO,skem,skem
MssqlSkemRepository,skem,skem
MssqlPelatihanRepository,skem,skem
ShowSkemService,skem,skem
Internasionalisasi,skem,skem
MssqlSemesterRepository,skem,skem
AktivitasIsNullException,skem,skem
KnownException,skem,skem
UpdateSkemService,skem,skem
InternasionalisasiRepository,skem,skem
CheckMahasiswaLulusSkemService,skem,skem
Pelatihan,skem,skem
IndexSkemResponse,skem,skem
MahasiswaId,skem,skem
SkemRepository,skem,skem
MssqlKegiatanRepository,skem,skem
SemesterId,skem,skem
AbdimasWirausahaRepository,skem,skem
Semester,skem,skem
DuplicateSkemException,skem,skem
AbdimasMagangRepository,skem,skem
ShowKegiatanSkemService,skem,skem
UpdateSkemRequest,skem,skem
PadananNilaiHurufNotFoundException,skem,skem
MssqlHkiRepository,skem,skem
MssqlPertukaranMhsRepository,skem,skem
MssqlMagangRepository,skem,skem
MssqlKegiatanPelatihanRepository,skem,skem
ValidatorId,skem,skem
IndexMahasiswaService,skem,skem
MssqlSertifikasiRepository,skem,skem
ShowSkemResponse,skem,skem
MssqlWirausahaRepository,skem,skem
Skem,skem,skem
CreateSkemService,skem,skem
StudiIndependenRepository,skem,skem
PertukaranMhsRepository,skem,skem
Kompetisi,skem,skem
OrmawaRepository,skem,skem
InternasionalisasiPelatihanRepository,skem,skem
UpdateStatusSkemService,skem,skem
TipeDataIsFalseException,skem,skem
MssqlOrmawaRepository,skem,skem
StoreSkemService,skem,skem
PadananBobotNotFoundException,skem,skem
KegiatanRepository,skem,skem
DetailPerkembanganSkemService,skem,skem
Abdimas,skem,skem
StoreSkemRequest,skem,skem
MssqlKompetisiRepository,skem,skem
MssqlInternasionalisasiRepository,skem,skem
ElemenPenilaian,skem,skem
MssqlInternasionalisasiPelatihanRepository,skem,skem
KegiatanPelatihanRepository,skem,skem
LkmmPemanduRepository,skem,skem
MssqlKaryaIlmiahRepository,skem,skem
KriteriaSkemTrait,skem,skem
UpdateStatusSkemRequest,skem,skem
MahasiswaRepository,skem,skem
AktivitasIsNullException,skem,skem
MahasiswaNotFoundException,skem,skem
HitungStatusSkemService,skem,skem
IndexPerkembanganSkemService,skem,skem
KompetisiOlahragaMandiriRepository,skem,skem
AbdimasRepository,skem,skem
EditSkemRequest,skem,skem
KompetisiOrmawaOlahragaRepository,skem,skem
KompetisiRepository,skem,skem
UpdateStatusSkemService,skem,skem
StudiIndependen,skem,skem
PertukaranMhs,skem,skem
ShowSkemService,skem,skem
UpdateStatusSkemRequest,skem,skem
ShowSkemService,skem,skem
PadananNilaiAngkaNotFoundException,skem,skem
IndexSkemResponse,skem,skem
CreateSkemRequest,skem,skem
MssqlMahasiswaRepository,skem,skem
Mahasiswa,skem,skem
UpdateStatusSkemRequest,skem,skem
EditSkemService,skem,skem
MagangRepository,skem,skem
MssqlAbdimasWirausahaRepository,skem,skem
IndexSkemService,skem,skem
MssqlLkmmPemanduRepository,skem,skem
LkmmPemandu,skem,skem
MssqlAbdimasMagangRepository,skem,skem
Wirausaha,skem,skem
Kegiatan,skem,skem
HitungStatusSkemService,skem,skem
IdBidangSkemNotFoundException,skem,skem
HkiRepository,skem,skem
KaryaIlmiahRepository,skem,skem
Magang,skem,skem
WirausahaRepository,skem,skem
AktivitasId,skem,skem
SemesterRepository,skem,skem
SkemId,skem,skem
MssqlKompetisiOrmawaOlahragaRepository,skem,skem
DeleteSkemService,skem,skem
IndexPerkembanganSkemResponse,skem,skem
ChangeKegiatanSkpi,skpi,skpi
GetKegiatanSkpi,skpi,skpi
DownloadSkpiDoc,skpi,skpi
UpdateLampiranIp,skpi,skpi
UpdateSkpiStatus,skpi,skpi
Lampiran,skpi,skpi
UpdateKegiatanSkpi,skpi,skpi
GetMahasiswaForSkpi,skpi,skpi
GetLampiransMahasiswa,skpi,skpi
UpdateKegiatanLampiran,skpi,skpi
GetSplittedKegiatanSkems,skpi,skpi
GetSkpiDocData,skpi,skpi
GetSkpisMahasiswa,skpi,skpi
GetValidSkpi,skpi,skpi
LampiranSkpiUtil,skpi,skpi
IsKegiatanLampiranValid,skpi,skpi
GenerateSkpiDoc,skpi,skpi
UpdateLampiranStatus,skpi,skpi
GetSkpiDoc,skpi,skpi
BaseModel,skpi,skpi
GetMahasiswaWithDoswal,skpi,skpi
StoreKegiatanSkpi,skpi,skpi
GetMahasiswaWithJurusan,skpi,skpi
StoreKegiatanLampiran,skpi,skpi
ChangeKegiatanLampiran,skpi,skpi
GetLampiran,skpi,skpi
GetSkpi,skpi,skpi
IsKegiatanSkpiValid,skpi,skpi
GetKegiatanLampiran,skpi,skpi
GetKegiatanSkems,skpi,skpi
KegiatanSkemUtil,skpi,skpi
DateUtil,skpi,skpi
Skpi,skpi,skpi
KegiatanSkpi,skpi,skpi
KegiatanLampiran,skpi,skpi
SyaratBeasiswaRequest,beasiswa,beasiswa
ExportTawaranBeasiswaByRequestService,beasiswa,beasiswa
ExportPendaftarBeasiswaByRequestService,beasiswa,beasiswa
KategoriPengumuman,beasiswa,beasiswa
UploadFileRequest,beasiswa,beasiswa
VerifikasiCrossCheckController,beasiswa,beasiswa
ExportPersumberBeasiswaByRequestService,beasiswa,beasiswa
PemberiBeasiswaRequest,beasiswa,beasiswa
GetPemberiByRequestService,beasiswa,beasiswa
ExportPenerimaBeasiswaByRequestService,beasiswa,beasiswa
GetPermohonanSuratByRequestService,beasiswa,beasiswa
ExportSkemaBeasiswaByRequestService,beasiswa,beasiswa
RekapSuratPermohonanExcelExport,beasiswa,beasiswa
BaseModel,beasiswa,beasiswa
JenisLembagaDonor,beasiswa,beasiswa
Pejabat,beasiswa,beasiswa
Dokumen,beasiswa,beasiswa
KondisiEkonomi,beasiswa,beasiswa
Permohonan,beasiswa,beasiswa
JenisPermohonanSurat,beasiswa,beasiswa
FileStorage,beasiswa,beasiswa
DokTawaranBeasiswa,beasiswa,beasiswa
PersumberBeasiswaExcelExport,beasiswa,beasiswa
Tahun,beasiswa,beasiswa
PermohonanSuratRequest,beasiswa,beasiswa
LembagaDonorExcelExport,beasiswa,beasiswa
SyaratBeasiswa,beasiswa,beasiswa
RegistrasiBeasiswa,beasiswa,beasiswa
ExportListBerkasPendaftarByRequestService,beasiswa,beasiswa
TawaranBeasiswa,beasiswa,beasiswa
ExportLembagaDonorByRequestService,beasiswa,beasiswa
SkemaBeasiswaRequest,beasiswa,beasiswa
GetTawaranByRequestService,beasiswa,beasiswa
PenerimaanBeasiswa,beasiswa,beasiswa
Skem,beasiswa,beasiswa
Jabatan,beasiswa,beasiswa
SkemaBeasiswa,beasiswa,beasiswa
GetRegistrasiByRequestService,beasiswa,beasiswa
PenerimaanBeasiswaController,beasiswa,beasiswa
GetPendaftarBeasiswaByRequestService,beasiswa,beasiswa
ExportRekapSuratPermohonanByRequestService,beasiswa,beasiswa
PenerimaBeasiswaExcelExport,beasiswa,beasiswa
RiwayatStatusAkademik,beasiswa,beasiswa
TawaranBeasiswaRequest,beasiswa,beasiswa
PengumumanRequest,beasiswa,beasiswa
RegistrasiBeasiswaController,beasiswa,beasiswa
ExportDiterimaVsEligibleBeasiswaByRequestService,beasiswa,beasiswa
GetPenerimaanBeasiswaByRequestService,beasiswa,beasiswa
PemberiBeasiswa,beasiswa,beasiswa
HasilStudiMhsExcelExport,beasiswa,beasiswa
ListBerkasPendaftarExcelExport,beasiswa,beasiswa
DiterimaVsEligibleBeasiswaExcelExport,beasiswa,beasiswa
VerifikasiPendaftarBeasiswaController,beasiswa,beasiswa
MekanismeBeasiswa,beasiswa,beasiswa
Semester,beasiswa,beasiswa
VerifikasiPendaftarBeasiswaModel,beasiswa,beasiswa
BaseBerkasController,beasiswa,beasiswa
RiwayatBayarUkt,beasiswa,beasiswa
UploadExcelExportx,beasiswa,beasiswa
DokumenRegistrasi,beasiswa,beasiswa
RegistrasiBeasiswaRequest,beasiswa,beasiswa
DokAdminBeasiswa,beasiswa,beasiswa
PenerimaBeasiswaExcelFromArray,beasiswa,beasiswa
RekapPenerimaTahunBeasiswaExcelExport,beasiswa,beasiswa
PengumumanBeasiswa,beasiswa,beasiswa
JenisDokumen,beasiswa,beasiswa
ExportRekapPenerimaTahunBeasiswaByRequestService,beasiswa,beasiswa
SasaranBeasiswa,beasiswa,beasiswa
SyaratDokBeasiswa,beasiswa,beasiswa
VerifikasiPenerimaanBeasiswaModel,beasiswa,beasiswa
PenerimaanBeasiswaRequest,beasiswa,beasiswa
JsonResponseRequest,beasiswa,beasiswa
BeasiswaController,beasiswa,beasiswa
ReferenceModel,beasiswa,beasiswa
TawaranBeasiswaExcelExport,beasiswa,beasiswa
ExportHasilStudiMhsByRequestService,beasiswa,beasiswa
SyaratDokBeasiswaRequest,beasiswa,beasiswa
GetPenerimaanBeasiswaSemesterByRequestService,beasiswa,beasiswa
SkemaBeasiswaExcelExport,beasiswa,beasiswa
CrossCheckExcelFromArray,beasiswa,beasiswa
PendaftarBeasiswaExcelExport,beasiswa,beasiswa
GetAnggotaOrmawaByRequestService,admin,admin
KegiatanHelper,admin,admin
GetStudiIndependenByRequestService,admin,admin
BaseModel,admin,admin
AdminModel,admin,admin
HkiRequest,admin,admin
SkalaMagang,admin,admin
SkalaOrmawa,admin,admin
JenisKegiatan,admin,admin
GetOlahragaByRequestService,admin,admin
JenisDokumenPortofolio,admin,admin
GetPertukaranMhsByRequestService,admin,admin
AnggotaOrmawaHelper,admin,admin
PeranKegiatan,admin,admin
AnggotaOrmawaRequest,admin,admin
JenisBadanHukum,admin,admin
SkalaStudiIndependen,admin,admin
SertifikasiRequest,admin,admin
TempatStudiIndependenRequest,admin,admin
PelatihanRequest,admin,admin
GetAbdimasByRequestService,admin,admin
GetMonitoringPortofolioMahasiswa,admin,admin
Sertifikasi,admin,admin
ProgramWirausaha,admin,admin
GetDetailPortofolioMahasiswa,admin,admin
OlahragaRequest,admin,admin
GetKompetisiByRequestService,admin,admin
GetWirausahaByRequestService,admin,admin
KegiatanRequest,admin,admin
JenisVaksin,admin,admin
StudiIndependen,admin,admin
WirausahaExport,admin,admin
WirausahaRequest,admin,admin
ValidasiRequest,admin,admin
PertukaranMhsExport,admin,admin
AlasanBelumVaksinasi,admin,admin
GetAjuanPortofolioMahasiswa,admin,admin
GetVerifikasiPortofolioMahasiswa,admin,admin
PertukaranMhsRequest,admin,admin
JenisKaryaIlmiah,admin,admin
BukuRequest,admin,admin
JenisAlasanVaksinasi,admin,admin
SertifikasiHelper,admin,admin
KaryaIlmiah,admin,admin
ExportMagangByRequestService,admin,admin
PelatihanHelper,admin,admin
SkalaPelatihan,admin,admin
StudiIndependenRequest,admin,admin
Magang,admin,admin
SkalaKompetisi,admin,admin
OrmawaRequest,admin,admin
WirausahaHelper,admin,admin
PertukaranMhsHelper,admin,admin
AbdimasRequest,admin,admin
JurnalRequest,admin,admin
JenisOrmawa,admin,admin
AdminController,admin,admin
Abdimas,admin,admin
Ormawa,admin,admin
GetRekapitulasiDosbingService,admin,admin
Semester,admin,admin
DokumenKompetisi,admin,admin
Pelatihan,admin,admin
ReferenceModel,admin,admin
Hki,admin,admin
Wirausaha,admin,admin
Dokumen,admin,admin
Olahraga,admin,admin
VaksinasiRequest,admin,admin
JenisKompetisi,admin,admin
KaryaIlmiahHelper,admin,admin
MagangRequest,admin,admin
JenisSertifikasi,admin,admin
PertukaranMhs,admin,admin
Kompetisi,admin,admin
JenisHki,admin,admin
OlahragaHelper,admin,admin
GetSertifikasiByRequestService,admin,admin
KompetisiHelper,admin,admin
Kegiatan,admin,admin
ExportAbdimasByRequestService,admin,admin
LembagaSertifikasiRequest,admin,admin
AnggotaOrmawa,admin,admin
VaksinasiHelper,admin,admin
CapaianKompetisi,admin,admin
KompetisiRequest,admin,admin
MagangHelper,admin,admin
JenisDudi,admin,admin
ExportVaksinasiByRequestService,admin,admin
PeranAnggotaOrmawa,admin,admin
SkalaKegiatan,admin,admin
StudiIndependenHelper,admin,admin
ExportPertukaranMhsByRequestService,admin,admin
JenisKompetisiRequest,admin,admin
TempatStudiIndependen,admin,admin
Vaksinasi,admin,admin
ExportKompetisiByRequestService,admin,admin
LembagaSertifikasi,admin,admin
GetVaksinasiByRequestService,admin,admin
JenisAbdimas,admin,admin
JenisPelatihan,admin,admin
ExportWirausahaByRequestService,admin,admin
AbdimasExport,admin,admin
GetKegiatanByRequestService,admin,admin
GetKaryaIlmiahByRequestService,admin,admin
GetPelatihanByRequestService,admin,admin
JenisKegiatanRequest,admin,admin
GetHkiByRequestService,admin,admin
GetMagangByRequestService,admin,admin
KompetisiExport,admin,admin
AbdimasHelper,admin,admin
KategoriMagang,admin,admin
VaksinasiExport,admin,admin
MagangExport,admin,admin
HkiHelper,admin,admin
JenisPenyediaMagang,magang,magang
BaseBerkasController,magang,magang
ReferenceModel,magang,magang
SkalaMagang,magang,magang
PosisiMagang,magang,magang
Dokumen,magang,magang
JenisLaporanMagang,magang,magang
PengajuanSuratMagang,magang,magang
LaporanMagangService,magang,magang
Negara,magang,magang
ProsesMagangService,magang,magang
SuratMagangService,magang,magang
JsonResponseRequest,magang,magang
PenawaranLowonganMagang,magang,magang
PembimbingLapangan,magang,magang
RegistrasiMagang,magang,magang
MagangMandiriService,magang,magang
UploadFileRequest,magang,magang
BaseController,magang,magang
FileStorage,magang,magang
DashboardController,magang,magang
PembimbingMagang,magang,magang
LowonganMagangService,magang,magang
ExceptionTrait,magang,magang
BaseModel,magang,magang
Semester,magang,magang
LowonganMagang,magang,magang
JenisKegiatanMagang,magang,magang
LaporanMagang,magang,magang
JenisKontrakMagang,magang,magang
KategoriMagang,magang,magang
GetAnggotaOrmawaByRequestService,verifikasi,verifikasi
Kegiatan,verifikasi,verifikasi
PelatihanRequest,verifikasi,verifikasi
KaryaIlmiahHelper,verifikasi,verifikasi
MagangHelper,verifikasi,verifikasi
Sertifikasi,verifikasi,verifikasi
GetKompetisiByDosbingService,verifikasi,verifikasi
Pelatihan,verifikasi,verifikasi
GetMonitoringPortofolioMahasiswa,verifikasi,verifikasi
SkalaKompetisi,verifikasi,verifikasi
GetAbdimasByRequestService,verifikasi,verifikasi
AnggotaOrmawaHelper,verifikasi,verifikasi
JenisVaksin,verifikasi,verifikasi
AbdimasHelper,verifikasi,verifikasi
Kompetisi,verifikasi,verifikasi
StudiIndependenHelper,verifikasi,verifikasi
KompetisiRequest,verifikasi,verifikasi
PertukaranMhsRequest,verifikasi,verifikasi
PembimbingMagangRequest,verifikasi,verifikasi
Ormawa,verifikasi,verifikasi
Vaksinasi,verifikasi,verifikasi
OlahragaHelper,verifikasi,verifikasi
Abdimas,verifikasi,verifikasi
WirausahaHelper,verifikasi,verifikasi
BukuRequest,verifikasi,verifikasi
PembimbingMagang,verifikasi,verifikasi
Magang,verifikasi,verifikasi
PeranKegiatan,verifikasi,verifikasi
JenisKaryaIlmiah,verifikasi,verifikasi
GetPelatihanByRequestService,verifikasi,verifikasi
AbdimasRequest,verifikasi,verifikasi
SertifikasiHelper,verifikasi,verifikasi
GetDetailPortofolioMahasiswa,verifikasi,verifikasi
ProgramWirausaha,verifikasi,verifikasi
KegiatanHelper,verifikasi,verifikasi
GetPertukaranMhsByRequestService,verifikasi,verifikasi
GetRekapitulasiDosbingService,verifikasi,verifikasi
VaksinasiHelper,verifikasi,verifikasi
VaksinasiRequest,verifikasi,verifikasi
CapaianKompetisi,verifikasi,verifikasi
SkalaMagang,verifikasi,verifikasi
SertifikasiRequest,verifikasi,verifikasi
AnggotaOrmawa,verifikasi,verifikasi
JenisBadanHukum,verifikasi,verifikasi
JurnalRequest,verifikasi,verifikasi
JenisAbdimas,verifikasi,verifikasi
JenisAlasanVaksinasi,verifikasi,verifikasi
JenisSertifikasi,verifikasi,verifikasi
JenisKegiatan,verifikasi,verifikasi
GetVaksinasiByRequestService,verifikasi,verifikasi
WirausahaRequest,verifikasi,verifikasi
PelatihanHelper,verifikasi,verifikasi
DokumenVaksinasi,verifikasi,verifikasi
StudiIndependen,verifikasi,verifikasi
MagangRequest,verifikasi,verifikasi
ValidasiRequest,verifikasi,verifikasi
Wirausaha,verifikasi,verifikasi
HkiHelper,verifikasi,verifikasi
KompetisiHelper,verifikasi,verifikasi
SkalaStudiIndependen,verifikasi,verifikasi
Dokumen,verifikasi,verifikasi
ReferenceModel,verifikasi,verifikasi
JenisHki,verifikasi,verifikasi
PeranAnggotaOrmawa,verifikasi,verifikasi
GetSertifikasiByRequestService,verifikasi,verifikasi
Hki,verifikasi,verifikasi
VerifikasiModel,verifikasi,verifikasi
GetKompetisiByRequestService,verifikasi,verifikasi
LaporanKeuanganUsaha,verifikasi,verifikasi
GetStudiIndependenByRequestService,verifikasi,verifikasi
StudiIndependenRequest,verifikasi,verifikasi
Semester,verifikasi,verifikasi
GetHkiByRequestService,verifikasi,verifikasi
AnggotaOrmawaRequest,verifikasi,verifikasi
KegiatanRequest,verifikasi,verifikasi
SkalaPelatihan,verifikasi,verifikasi
VerifikasiController,verifikasi,verifikasi
TempatStudiIndependen,verifikasi,verifikasi
BaseModel,verifikasi,verifikasi
GetVerifikasiPortofolioMahasiswa,verifikasi,verifikasi
GetOlahragaByRequestService,verifikasi,verifikasi
GetKegiatanByRequestService,verifikasi,verifikasi
GetWirausahaByRequestService,verifikasi,verifikasi
GetMagangByDosbingService,verifikasi,verifikasi
GetKaryaIlmiahByRequestService,verifikasi,verifikasi
KategoriMagang,verifikasi,verifikasi
JenisPelatihan,verifikasi,verifikasi
HkiRequest,verifikasi,verifikasi
PertukaranMhsHelper,verifikasi,verifikasi
SkalaKegiatan,verifikasi,verifikasi
PertukaranMhs,verifikasi,verifikasi
JenisDudi,verifikasi,verifikasi
OlahragaRequest,verifikasi,verifikasi
AlasanBelumVaksinasi,verifikasi,verifikasi
KaryaIlmiah,verifikasi,verifikasi
GetAjuanPortofolioMahasiswa,verifikasi,verifikasi
GetMagangByRequestService,verifikasi,verifikasi
Olahraga,verifikasi,verifikasi
Sertifikasi,portofolio,portofolio
Kompetisi,portofolio,portofolio
PortofolioModel,portofolio,portofolio
LembagaSertifikasi,portofolio,portofolio
Olahraga,portofolio,portofolio
Magang,portofolio,portofolio
SkalaPelatihan,portofolio,portofolio
PembimbingMagang,portofolio,portofolio
StudiIndependenRequest,portofolio,portofolio
DokumenAbdimas,portofolio,portofolio
SkalaStudiIndependen,portofolio,portofolio
WirausahaHelper,portofolio,portofolio
RegistrasiMagang,portofolio,portofolio
DokumenPelatihan,portofolio,portofolio
JenisSertifikasi,portofolio,portofolio
PertukaranMhsHelper,portofolio,portofolio
StudiIndependen,portofolio,portofolio
Pelatihan,portofolio,portofolio
JenisKaryaIlmiah,portofolio,portofolio
KaryaIlmiahHelper,portofolio,portofolio
JenisKompetisi,portofolio,portofolio
DokumenOlahraga,portofolio,portofolio
JenisAlasanVaksinasi,portofolio,portofolio
LaporanKeuanganUsaha,portofolio,portofolio
WirausahaRequest,portofolio,portofolio
AnggotaOrmawa,portofolio,portofolio
Aspek,kewirausahaan,portofolio
JenisPelatihan,portofolio,portofolio
AlasanBelumVaksinasi,portofolio,portofolio
UploadFileRequest,portofolio,portofolio
DokumenWirausaha,portofolio,portofolio
DokumenKaryaIlmiah,portofolio,portofolio
BaseModel,kewirausahaan,portofolio
OlahragaRequest,portofolio,portofolio
Logbook,kewirausahaan,portofolio
JsonResponseRequest,portofolio,portofolio
JenisVaksin,portofolio,portofolio
PembimbingStudiIndependenRequest,portofolio,portofolio
SertifikasiRequest,portofolio,portofolio
TahapanSKIM,kewirausahaan,portofolio
SkalaMagang,portofolio,portofolio
DokumenKompetisi,portofolio,portofolio
LaporanKeuanganUsahaRequest,portofolio,portofolio
DokumenMagang,portofolio,portofolio
DokumenLaporanMagang,portofolio,portofolio
SkalaKompetisi,portofolio,portofolio
PertukaranMhs,portofolio,portofolio
AnggotaAbdimas,portofolio,portofolio
StudiIndependenHelper,portofolio,portofolio
PelakuUsaha,portofolio,portofolio
Kewirausahaan,kewirausahaan,portofolio
PembimbingMagang,portofolio,portofolio
Dokumen,portofolio,portofolio
PeranAnggotaOrmawa,portofolio,portofolio
PembimbingStudiIndependen,portofolio,portofolio
VaksinasiHelper,portofolio,portofolio
Vaksinasi,portofolio,portofolio
HkiRequest,portofolio,portofolio
HkiHelper,portofolio,portofolio
KegiatanHelper,portofolio,portofolio
JenisKegiatan,portofolio,portofolio
SKIM,kewirausahaan,portofolio
FileStorage,portofolio,portofolio
JenisDudi,portofolio,portofolio
BaseBerkasController,kewirausahaan,portofolio
AbdimasRequest,portofolio,portofolio
TempatStudiIndependen,portofolio,portofolio
MagangRequest,portofolio,portofolio
DokumenHki,portofolio,portofolio
Telaah,kewirausahaan,portofolio
DokumenLaporanKeuangan,portofolio,portofolio
DokumenAnggotaOrmawa,portofolio,portofolio
MagangHelper,portofolio,portofolio
CancelPortofolioService,portofolio,portofolio
BaseBerkasController,portofolio,portofolio
AnggotaKompetisi,portofolio,portofolio
AbdimasHelper,portofolio,portofolio
DokumenSertifikasi,portofolio,portofolio
Wirausaha,portofolio,portofolio
Dokumen,kewirausahaan,portofolio
KaryaIlmiahRequest,portofolio,portofolio
JenisBadanHukum,portofolio,portofolio
BaseModel,portofolio,portofolio
AnggotaKaryaIlmiah,portofolio,portofolio
Kegiatan,portofolio,portofolio
DokumenStudiIndependen,portofolio,portofolio
SkalaKegiatan,portofolio,portofolio
VaksinasiRequest,portofolio,portofolio
LowonganMagang,portofolio,portofolio
LaporanMagang,portofolio,portofolio
BukuRequest,portofolio,portofolio
PembimbingKompetisiRequest,portofolio,portofolio
TahapanKewirausahaan,kewirausahaan,portofolio
RiwayatDana,kewirausahaan,portofolio
KompetisiHelper,portofolio,portofolio
PembimbingKompetisi,portofolio,portofolio
DokumenKegiatan,portofolio,portofolio
OlahragaHelper,portofolio,portofolio
Hki,portofolio,portofolio
DokumenPertukaranMhs,portofolio,portofolio
KaryaIlmiah,portofolio,portofolio
CapaianKompetisi,portofolio,portofolio
ProgramWirausaha,portofolio,portofolio
JenisDokumenPortofolio,portofolio,portofolio
JenisLaporanMagang,portofolio,portofolio
JenisHki,portofolio,portofolio
JenisAbdimas,portofolio,portofolio
SertifikasiHelper,portofolio,portofolio
JabatanPelakuUsaha,portofolio,portofolio
ReferenceModel,portofolio,portofolio
Semester,portofolio,portofolio
AnggotaHki,portofolio,portofolio
AnggotaOrmawaRequest,portofolio,portofolio
PeranKegiatan,portofolio,portofolio
Ormawa,portofolio,portofolio
PelatihanRequest,portofolio,portofolio
PortofolioController,portofolio,portofolio
AnggotaOrmawaHelper,portofolio,portofolio
KategoriMagang,portofolio,portofolio
JenisDokumen,portofolio,portofolio
Abdimas,portofolio,portofolio
PelatihanHelper,portofolio,portofolio
Anggota,kewirausahaan,portofolio
KompetisiRequest,portofolio,portofolio
PertukaranMhsRequest,portofolio,portofolio
Penilaian,kewirausahaan,portofolio
KegiatanRequest,portofolio,portofolio
DokumenVaksinasi,portofolio,portofolio
DosenController,kewirausahaan,portofolio
PenilaianController,kewirausahaan,portofolio
DanaController,kewirausahaan,portofolio
KeanggotaanController,kewirausahaan,portofolio
KegiatanController,kewirausahaan,portofolio
PembimbingController,kewirausahaan,portofolio
LogbookController,kewirausahaan,portofolio
JadwalController,kewirausahaan,portofolio
PenilaiController,kewirausahaan,portofolio
TahapanController,kewirausahaan,portofolio
SkimController,kewirausahaan,portofolio
AspekController,kewirausahaan,portofolio
InformasiController,kewirausahaan,portofolio
TerdanaiController,kewirausahaan,portofolio
PendanaanController,kewirausahaan,portofolio
VerifikasiController,kewirausahaan,portofolio
BerkasTahapanController,kewirausahaan,portofolio
BerkasLogbookController,kewirausahaan,portofolio
VerifikasiPenerimaanBeasiswaModel,beasiswa,beasiswa
VerifikasiModel,beasiswa,beasiswa
RiwayatBayarUkt,beasiswa,beasiswa
VerifikasiPermohonanSuratModel,beasiswa,beasiswa
JenisDokumenBeasiswa,beasiswa,beasiswa
JenisBeasiswa,beasiswa,beasiswa
ExcelFromCollection,beasiswa,beasiswa
PenerimaExcelFromCollection,beasiswa,beasiswa
TahunController,beasiswa,beasiswa
PendaftarBeasiswaController,beasiswa,beasiswa
PejabatController,beasiswa,beasiswa
LaporanController,beasiswa,beasiswa
BeasiswaSayaController,beasiswa,beasiswa
SyaratDokBeasiswaController,beasiswa,beasiswa
SkemaBeasiswaController,beasiswa,beasiswa
SyaratBeasiswaController,beasiswa,beasiswa
TawaranBeasiswaController,beasiswa,beasiswa
PemberiBeasiswaController,beasiswa,beasiswa
UploadExcelController,beasiswa,beasiswa
Select2Tawaran,beasiswa,beasiswa
CrossCheckController,beasiswa,beasiswa
ApiController,beasiswa,beasiswa
VerifikasiPenerimaanBeasiswaController,beasiswa,beasiswa
PermohonanSuratController,beasiswa,beasiswa
SuratPermohonanController,beasiswa,beasiswa
InformasiController,beasiswa,beasiswa
GrafikController,beasiswa,beasiswa
SemesterController,beasiswa,beasiswa
BerkasTawaranController,beasiswa,beasiswa
BerkasAdministrasiController,beasiswa,beasiswa
BerkasRegistrasiController,beasiswa,beasiswa
BeasiswaTersediaController,beasiswa,beasiswa
SasaranBeasiswaController,beasiswa,beasiswa
IdentitasController,profil,profil
ProfilController,profil,profil
BerkasProfilController,profil,profil
DataOrtuController,profil,profil
RekeningController,profil,profil
ValidatorController,skem,skem
KadepController,skem,skem
AdminController,skem,skem
TUController,skem,skem
BaseController,skem,skem
MahasiswaController,skem,skem
ShowSkemResponse,skem,skem
ShowSkemResponse,skem,skem
ShowMahasiswaResponse,skem,skem
SkpiDocController,skpi,skpi
UnduhSkpiController,skpi,skpi
SkpiController,skpi,skpi
KegiatanSkpiController,skpi,skpi
LampiranController,skpi,skpi
KegiatanLampiranController,skpi,skpi
SkpiController,skpi,skpi
LampiranController,skpi,skpi
IsLampiranSaved,skpi,skpi
GetKegiatanSkemsOnly,skpi,skpi
DokumenHki,admin,admin
AnggotaHki,admin,admin
DokumenPelatihan,admin,admin
DokumenVaksinasi,admin,admin
DokumenPertukaranMhs,admin,admin
DokumenSertifikasi,admin,admin
AnggotaKompetisi,admin,admin
PembimbingKompetisi,admin,admin
DokumenKegiatan,admin,admin
DokumenStudiIndependen,admin,admin
AnggotaAbdimas,admin,admin
DokumenAbdimas,admin,admin
JenisDokumen,admin,admin
JenisPortofolio,admin,admin
AnggotaKaryaIlmiah,admin,admin
DokumenKaryaIlmiah,admin,admin
DokumenMagang,admin,admin
DokumenOlahraga,admin,admin
DokumenAnggotaOrmawa,admin,admin
JabatanPelakuUsaha,admin,admin
DokumenLaporanKeuangan,admin,admin
DokumenWirausaha,admin,admin
LaporanKeuanganUsaha,admin,admin
PelakuUsaha,admin,admin
BerkasHelper,admin,admin
UuidHelper,admin,admin
KegiatanController,admin,admin
OrmawaController,admin,admin
JurnalController,admin,admin
KaryaIlmiahController,admin,admin
WirausahaController,admin,admin
LembagaSertifikasiController,admin,admin
StudiIndependenController,admin,admin
HkiController,admin,admin
DosenController,admin,admin
AnggotaOrmawaController,admin,admin
AbdimasController,admin,admin
JenisKompetisiController,admin,admin
VaksinasiController,admin,admin
JenisKegiatanController,admin,admin
PertukaranMhsController,admin,admin
BerkasController,admin,admin
TempatStudiIndependenController,admin,admin
MagangController,admin,admin
BukuController,admin,admin
PelatihanController,admin,admin
MahasiswaController,admin,admin
SertifikasiController,admin,admin
KompetisiController,admin,admin
OlahragaController,admin,admin
SendInsentifToManajemenSK,insenkom,insenkom
AdministratorController,insenkom,insenkom
InitializeNewInsentifService,insenkom,insenkom
GetActiveInsentifIdService,insenkom,insenkom
JenisPortofolio,portofolio,portofolio
PembimbingLapangan,portofolio,portofolio
JenisPenyediaMagang,portofolio,portofolio
JenisKegiatanMagang,portofolio,portofolio
PosisiMagang,portofolio,portofolio
JenisKontrakMagang,portofolio,portofolio
PenawaranLowonganMagang,portofolio,portofolio
JenisOrmawa,portofolio,portofolio
SkalaOrmawa,portofolio,portofolio
BerkasHkiController,portofolio,portofolio
HkiController,portofolio,portofolio
InventorHkiController,portofolio,portofolio
AnggotaOrmawaController,portofolio,portofolio
BerkasAnggotaOrmawaController,portofolio,portofolio
PelatihanController,portofolio,portofolio
BerkasPelatihanController,portofolio,portofolio
BukuController,portofolio,portofolio
BerkasBukuController,portofolio,portofolio
PenulisBukuController,portofolio,portofolio
BerkasVaksinasiController,portofolio,portofolio
VaksinasiController,portofolio,portofolio
BerkasPertukaranMhsController,portofolio,portofolio
PertukaranMhsController,portofolio,portofolio
BerkasSertifikasiController,portofolio,portofolio
SertifikasiController,portofolio,portofolio
PembimbingKompetisiController,portofolio,portofolio
BerkasKompetisiController,portofolio,portofolio
AnggotaKompetisiController,portofolio,portofolio
KompetisiController,portofolio,portofolio
KegiatanController,portofolio,portofolio
BerkasKegiatanController,portofolio,portofolio
BerkasController,portofolio,portofolio
PembimbingStudiIndependenController,portofolio,portofolio
StudiIndependenController,portofolio,portofolio
BerkasStudiIndependenController,portofolio,portofolio
BerkasAbdimasController,portofolio,portofolio
AbdimasController,portofolio,portofolio
AnggotaAbdimasController,portofolio,portofolio
ApiController,portofolio,portofolio
PenulisKaryaIlmiahController,portofolio,portofolio
KaryaIlmiahController,portofolio,portofolio
BerkasKaryaIlmiahController,portofolio,portofolio
MagangApiController,portofolio,portofolio
BerkasMagangController,portofolio,portofolio
MagangController,portofolio,portofolio
BerkasOlahragaController,portofolio,portofolio
OlahragaController,portofolio,portofolio
BerkasLapkeuUsahaController,portofolio,portofolio
PelakuUsahaController,portofolio,portofolio
WirausahaController,portofolio,portofolio
BerkasWirausahaController,portofolio,portofolio
LapkeuUsahaController,portofolio,portofolio
DokumenLaporanMagang,magang,magang
JenisDokumenPortofolio,magang,magang
JenisDokumen,magang,magang
JenisPortofolio,magang,magang
Wilayah,magang,magang
MagangMandiriController,magang,magang
DashboardController,magang,magang
SuratMagangController,magang,magang
PembimbingLapanganController,magang,magang
APIController,magang,magang
ProsesMagangController,magang,magang
LowonganMagangController,magang,magang
DashboardController,magang,magang
MingguanController,magang,magang
AkhirController,magang,magang
MingguanController,magang,magang
DataMagangController,magang,magang
AjuanMagangController,magang,magang
DosenPembimbingController,magang,magang
KoordinatorApiController,magang,magang
LowonganMagangController,magang,magang
KoordinatorSuratMagangController,magang,magang
DashboardController,magang,magang
MingguanController,magang,magang
AkhirController,magang,magang
MingguanController,magang,magang
LowonganMagangController,magang,magang
BerkasController,magang,magang
AdminDashboardController,magang,magang
DataMagangController,magang,magang
AdminLowonganMagangController,magang,magang
AdminApiController,magang,magang
AdminBerkasLowonganMagangController,magang,magang
LowonganMagangController,magang,magang
DokumenHki,verifikasi,verifikasi
AnggotaHki,verifikasi,verifikasi
DokumenPelatihan,verifikasi,verifikasi
DokumenPertukaranMhs,verifikasi,verifikasi
DokumenSertifikasi,verifikasi,verifikasi
JenisKompetisi,verifikasi,verifikasi
AnggotaKompetisi,verifikasi,verifikasi
DokumenKompetisi,verifikasi,verifikasi
PembimbingKompetisi,verifikasi,verifikasi
DokumenKegiatan,verifikasi,verifikasi
DokumenStudiIndependen,verifikasi,verifikasi
AnggotaAbdimas,verifikasi,verifikasi
DokumenAbdimas,verifikasi,verifikasi
JenisDokumenPortofolio,verifikasi,verifikasi
JenisDokumen,verifikasi,verifikasi
JenisPortofolio,verifikasi,verifikasi
AnggotaKaryaIlmiah,verifikasi,verifikasi
DokumenKaryaIlmiah,verifikasi,verifikasi
DokumenMagang,verifikasi,verifikasi
DokumenOlahraga,verifikasi,verifikasi
JenisOrmawa,verifikasi,verifikasi
SkalaOrmawa,verifikasi,verifikasi
DokumenAnggotaOrmawa,verifikasi,verifikasi
JabatanPelakuUsaha,verifikasi,verifikasi
DokumenLaporanKeuangan,verifikasi,verifikasi
DokumenWirausaha,verifikasi,verifikasi
PelakuUsaha,verifikasi,verifikasi
KegiatanController,verifikasi,verifikasi
JurnalController,verifikasi,verifikasi
KaryaIlmiahController,verifikasi,verifikasi
WirausahaController,verifikasi,verifikasi
StudiIndependenController,verifikasi,verifikasi
HkiController,verifikasi,verifikasi
DosenController,verifikasi,verifikasi
AnggotaOrmawaController,verifikasi,verifikasi
AbdimasController,verifikasi,verifikasi
RekapDepartemenController,verifikasi,verifikasi
KompetisiController,verifikasi,verifikasi
VaksinasiController,verifikasi,verifikasi
PertukaranMhsController,verifikasi,verifikasi
BerkasController,verifikasi,verifikasi
BukuController,verifikasi,verifikasi
PelatihanController,verifikasi,verifikasi
BaseBerkasController,verifikasi,verifikasi
MahasiswaController,verifikasi,verifikasi
SertifikasiController,verifikasi,verifikasi
LapkeuUsahaController,verifikasi,verifikasi
PembimbingMagangController,verifikasi,verifikasi
MagangController,verifikasi,verifikasi
OlahragaController,verifikasi,verifikasi
ExportBeasiswaByRequestService,beasiswa,beasiswa
GetPortofolioByRequestService,beasiswa,beasiswa
JenisBeasiswa,beasiswa,beasiswa
PenerimaBeasiswa,beasiswa,beasiswa
PermohonanSuratHelper,beasiswa,beasiswa
Select2Sdm,beasiswa,beasiswa
Select2UnitOrg,beasiswa,beasiswa
VerifikasiPermohonanSuratController,beasiswa,beasiswa
SemesterRequest,beasiswa,beasiswa
SemesterDTO,skem,skem
SkemDTO,skem,skem
ShowKegiatanSkemResponse,skem,skem
AktivitasDTO,skem,skem
ShowKegiatanSkemResponse,skem,skem
DetailPerkembanganSkemResponse,skem,skem
ShowKegiatanSkemResponse,skem,skem
Validator,skem,skem
PadananBobotNotFoundException,skem,skem
ObjectNotFoundException,skem,skem
AktivitasNotValidException,skem,skem
IsSkpiExist,skpi,skpi
IsMahasiswaSetelahTa,skpi,skpi
GetMahasiswaSemesters,skpi,skpi
ExportPortofolioByRequestService,admin,admin
GetPortofolioByRequestService,admin,admin
FileStorage,admin,admin
PeriodeController,admin,admin
BaseBerkasController,admin,admin
JsonResponseRequest,admin,admin
ExcelController,insenkom,insenkom
GetPortofolioByRequestService,verifikasi,verifikasi
Dosen,verifikasi,verifikasi
FileStorage,verifikasi,verifikasi
JsonResponseRequest,verifikasi,verifikasi
CreateInsentifRequest,insenkom,insenkom
CreateInsentifService,insenkom,insenkom
DashboardController,dashboard,dashboard
